doc_id,author,author_code,short_name,source_title,mosiah_priority,mosiah_priority_label,votes,weighted_votes,mean_similarity,vote_share,weighted_vote_share
JS-1,Joseph Smith,JS,JS-1,Liberty Jail Letter (March 1839) as D&C 121,MP-1,MP-1_Mosiah_Alma_Helaman,8,7.318699762589476,0.9148374703236845,0.4,0.40111481696106344
JS-1,Joseph Smith,JS,JS-1,Liberty Jail Letter (March 1839) as D&C 121,MP-2,MP-2_3Nephi_to_Moroni,1,0.9153197956273416,0.9153197956273416,0.05,0.050165786846541716
JS-1,Joseph Smith,JS,JS-1,Liberty Jail Letter (March 1839) as D&C 121,MP-3,MP-3_1Nephi_to_WordsOfMormon,11,10.011877758759901,0.9101707053418092,0.55,0.5487193961923947
JS-10,Joseph Smith,JS,JS-10,"Joseph Smith, Jr., ""History,"" 1832: [6], The Joseph Smith Papers website, accessed January 26, 2022",MP-1,MP-1_Mosiah_Alma_Helaman,16,12.042829465051092,0.7526768415656933,0.8,0.8014278363958837
JS-10,Joseph Smith,JS,JS-10,"Joseph Smith, Jr., ""History,"" 1832: [6], The Joseph Smith Papers website, accessed January 26, 2022",MP-2,MP-2_3Nephi_to_Moroni,3,2.217527520991145,0.7391758403303818,0.15,0.14757231998125958
JS-10,Joseph Smith,JS,JS-10,"Joseph Smith, Jr., ""History,"" 1832: [6], The Joseph Smith Papers website, accessed January 26, 2022",MP-3,MP-3_1Nephi_to_WordsOfMormon,1,0.7663602280853999,0.7663602280853999,0.05,0.05099984362285681
JS-11,Joseph Smith,JS,JS-11,"Revelation, Spring 1829 [D&C 10], in ""Revelation Book 1,"" 11, The Joseph Smith Papers website , accessed July 16, 2021",MP-1,MP-1_Mosiah_Alma_Helaman,9,6.128190122736297,0.6809100136373664,0.45,0.4522792314360257
JS-11,Joseph Smith,JS,JS-11,"Revelation, Spring 1829 [D&C 10], in ""Revelation Book 1,"" 11, The Joseph Smith Papers website , accessed July 16, 2021",MP-2,MP-2_3Nephi_to_Moroni,6,4.079791099810067,0.6799651833016779,0.3,0.3011010993597786
JS-11,Joseph Smith,JS,JS-11,"Revelation, Spring 1829 [D&C 10], in ""Revelation Book 1,"" 11, The Joseph Smith Papers website , accessed July 16, 2021",MP-3,MP-3_1Nephi_to_WordsOfMormon,5,3.341591025727701,0.6683182051455403,0.25,0.24661966920419578
JS-12,Joseph Smith,JS,JS-12,"Letter to Oliver Cowdery, October 22, 1829, 9, The Joseph Smith Papers, accessed January 21, 2025",MP-1,MP-1_Mosiah_Alma_Helaman,16,13.022143348218695,0.8138839592636684,0.8,0.79965620685829
JS-12,Joseph Smith,JS,JS-12,"Letter to Oliver Cowdery, October 22, 1829, 9, The Joseph Smith Papers, accessed January 21, 2025",MP-2,MP-2_3Nephi_to_Moroni,1,0.8202129171995527,0.8202129171995527,0.05,0.05036715789752739
JS-12,Joseph Smith,JS,JS-12,"Letter to Oliver Cowdery, October 22, 1829, 9, The Joseph Smith Papers, accessed January 21, 2025",MP-3,MP-3_1Nephi_to_WordsOfMormon,3,2.4423211203553588,0.8141070401184529,0.15,0.1499766352441827
JS-13,Joseph Smith,JS,JS-13,"Joseph Smith, Old Testament Revision 2, 76–77, Joseph Smith Papers",MP-1,MP-1_Mosiah_Alma_Helaman,10,8.36611366828722,0.8366113668287221,0.5,0.5009282635683099
JS-13,Joseph Smith,JS,JS-13,"Joseph Smith, Old Testament Revision 2, 76–77, Joseph Smith Papers",MP-2,MP-2_3Nephi_to_Moroni,7,5.8257071883400195,0.8322438840485743,0.35,0.3488192369384861
JS-13,Joseph Smith,JS,JS-13,"Joseph Smith, Old Testament Revision 2, 76–77, Joseph Smith Papers",MP-3,MP-3_1Nephi_to_WordsOfMormon,3,2.5094002098226493,0.8364667366075498,0.15,0.15025249949320396
JS-14,Joseph Smith,JS,JS-14,"""Appendix 5, Document 8. Blessing to Sidney Rigdon, 2 October 1835,"" The Joseph Smith Papers website, accessed July 23, 2024",MP-1,MP-1_Mosiah_Alma_Helaman,4,3.618813057286677,0.9047032643216693,0.2,0.2006193673975787
JS-14,Joseph Smith,JS,JS-14,"""Appendix 5, Document 8. Blessing to Sidney Rigdon, 2 October 1835,"" The Joseph Smith Papers website, accessed July 23, 2024",MP-2,MP-2_3Nephi_to_Moroni,5,4.446953404638843,0.8893906809277686,0.25,0.2465297225256693
JS-14,Joseph Smith,JS,JS-14,"""Appendix 5, Document 8. Blessing to Sidney Rigdon, 2 October 1835,"" The Joseph Smith Papers website, accessed July 23, 2024",MP-3,MP-3_1Nephi_to_WordsOfMormon,11,9.972437447446158,0.9065852224951053,0.55,0.552850910076752
JS-2,Joseph Smith,JS,JS-2,Liberty Jail Letter (March 1839) as D&C 122,MP-1,MP-1_Mosiah_Alma_Helaman,4,3.4332583620342003,0.8583145905085501,0.2,0.20065973270953105
JS-2,Joseph Smith,JS,JS-2,Liberty Jail Letter (March 1839) as D&C 122,MP-2,MP-2_3Nephi_to_Moroni,4,3.412160952503097,0.8530402381257742,0.2,0.199426676495589
JS-2,Joseph Smith,JS,JS-2,Liberty Jail Letter (March 1839) as D&C 122,MP-3,MP-3_1Nephi_to_WordsOfMormon,12,10.2644328499928,0.8553694041660667,0.6,0.59991359079488
JS-3,Joseph Smith,JS,JS-3,Liberty Jail Letter (March 1839) as D&C 123,MP-1,MP-1_Mosiah_Alma_Helaman,15,13.314227009771491,0.8876151339847661,0.75,0.7489953098758955
JS-3,Joseph Smith,JS,JS-3,Liberty Jail Letter (March 1839) as D&C 123,MP-2,MP-2_3Nephi_to_Moroni,2,1.7764241466730144,0.8882120733365072,0.1,0.09993320327435316
JS-3,Joseph Smith,JS,JS-3,Liberty Jail Letter (March 1839) as D&C 123,MP-3,MP-3_1Nephi_to_WordsOfMormon,3,2.6854641732730964,0.8951547244243655,0.15,0.15107148684975136
JS-4,Joseph Smith,JS,JS-4,"History, 1838–1856, volume A-1 [23 December 1805–30 August 1834]: 9-10, The Joseph Smith Papers website, accessed December 5, 2023",MP-1,MP-1_Mosiah_Alma_Helaman,10,9.024200757282777,0.9024200757282778,0.5,0.5002778438026498
JS-4,Joseph Smith,JS,JS-4,"History, 1838–1856, volume A-1 [23 December 1805–30 August 1834]: 9-10, The Joseph Smith Papers website, accessed December 5, 2023",MP-2,MP-2_3Nephi_to_Moroni,5,4.510859112288897,0.9021718224577795,0.25,0.25007010937475205
JS-4,Joseph Smith,JS,JS-4,"History, 1838–1856, volume A-1 [23 December 1805–30 August 1834]: 9-10, The Joseph Smith Papers website, accessed December 5, 2023",MP-3,MP-3_1Nephi_to_WordsOfMormon,5,4.503317942024265,0.9006635884048529,0.25,0.24965204682259814
JS-5,Joseph Smith,JS,JS-5,"Joseph Smith, Jr., Letter to Oliver Cowdery, Messenger and Advocate vol. 2, no. 7 (April 1836):2-3",MP-1,MP-1_Mosiah_Alma_Helaman,15,13.753179191244909,0.9168786127496605,0.75,0.7499962719812215
JS-5,Joseph Smith,JS,JS-5,"Joseph Smith, Jr., Letter to Oliver Cowdery, Messenger and Advocate vol. 2, no. 7 (April 1836):2-3",MP-2,MP-2_3Nephi_to_Moroni,1,0.9125709256431177,0.9125709256431177,0.05,0.04976484219637642
JS-5,Joseph Smith,JS,JS-5,"Joseph Smith, Jr., Letter to Oliver Cowdery, Messenger and Advocate vol. 2, no. 7 (April 1836):2-3",MP-3,MP-3_1Nephi_to_WordsOfMormon,4,3.6719132889765578,0.9179783222441394,0.2,0.20023888582240199
JS-6,Joseph Smith,JS,JS-6,"Joseph Smith, Letter to Edward Partridge and the Church, ca. March 22, 1839, 8, The Joseph Smith Papers website, accessed August 11, 2021",MP-1,MP-1_Mosiah_Alma_Helaman,5,3.690334501840607,0.7380669003681214,0.25,0.24936131627789046
JS-6,Joseph Smith,JS,JS-6,"Joseph Smith, Letter to Edward Partridge and the Church, ca. March 22, 1839, 8, The Joseph Smith Papers website, accessed August 11, 2021",MP-2,MP-2_3Nephi_to_Moroni,3,2.2213314061840306,0.7404438020613436,0.15,0.15009862197022916
JS-6,Joseph Smith,JS,JS-6,"Joseph Smith, Letter to Edward Partridge and the Church, ca. March 22, 1839, 8, The Joseph Smith Papers website, accessed August 11, 2021",MP-3,MP-3_1Nephi_to_WordsOfMormon,12,8.887479993691992,0.740623332807666,0.6,0.6005400617518803
JS-7,Joseph Smith,JS,JS-7,"General Joseph Smith’s Appeal to the Green Mountain Boys (Nauvoo, Illinois: Taylor and Woodruff, 1843), 1, 3-7, The Joseph Smith Papers website, accessed August 11, 2021",MP-1,MP-1_Mosiah_Alma_Helaman,10,8.619923439908787,0.8619923439908788,0.5,0.4988074174320755
JS-7,Joseph Smith,JS,JS-7,"General Joseph Smith’s Appeal to the Green Mountain Boys (Nauvoo, Illinois: Taylor and Woodruff, 1843), 1, 3-7, The Joseph Smith Papers website, accessed August 11, 2021",MP-2,MP-2_3Nephi_to_Moroni,3,2.579014610800769,0.8596715369335897,0.15,0.14923933217053417
JS-7,Joseph Smith,JS,JS-7,"General Joseph Smith’s Appeal to the Green Mountain Boys (Nauvoo, Illinois: Taylor and Woodruff, 1843), 1, 3-7, The Joseph Smith Papers website, accessed August 11, 2021",MP-3,MP-3_1Nephi_to_WordsOfMormon,7,6.082127023032244,0.8688752890046064,0.35,0.35195325039739034
JS-8,Joseph Smith,JS,JS-8,"""Proclamation, 11 June 1844,"" in Nauvoo Neighbor 2, no. 7 (June 12, 1844): 2–3. The Joseph Smith Papers website, accessed January 18, 2022",MP-1,MP-1_Mosiah_Alma_Helaman,9,7.3828888275455204,0.8203209808383911,0.45,0.450309386812581
JS-8,Joseph Smith,JS,JS-8,"""Proclamation, 11 June 1844,"" in Nauvoo Neighbor 2, no. 7 (June 12, 1844): 2–3. The Joseph Smith Papers website, accessed January 18, 2022",MP-2,MP-2_3Nephi_to_Moroni,4,3.284072734817128,0.821018183704282,0.2,0.20030760505912532
JS-8,Joseph Smith,JS,JS-8,"""Proclamation, 11 June 1844,"" in Nauvoo Neighbor 2, no. 7 (June 12, 1844): 2–3. The Joseph Smith Papers website, accessed January 18, 2022",MP-3,MP-3_1Nephi_to_WordsOfMormon,7,5.728185960107902,0.8183122800154146,0.35,0.34938300812829365
JS-9,Joseph Smith,JS,JS-9,"Joseph Smith, “Church History,” Times and Seasons (March 1, 1842): 706–707, The Joseph Smith Papers website, accessed August 6, 2025",MP-1,MP-1_Mosiah_Alma_Helaman,8,6.881482549205254,0.8601853186506567,0.4,0.3977896400207296
JS-9,Joseph Smith,JS,JS-9,"Joseph Smith, “Church History,” Times and Seasons (March 1, 1842): 706–707, The Joseph Smith Papers website, accessed August 6, 2025",MP-2,MP-2_3Nephi_to_Moroni,4,3.441720151055373,0.8604300377638433,0.2,0.19895140475194895
JS-9,Joseph Smith,JS,JS-9,"Joseph Smith, “Church History,” Times and Seasons (March 1, 1842): 706–707, The Joseph Smith Papers website, accessed August 6, 2025",MP-3,MP-3_1Nephi_to_WordsOfMormon,8,6.976097876915405,0.8720122346144257,0.4,0.4032589552273214
OC-1,Oliver Cowdery,OC,OC-1,"Letter to WW Phelps, Letter 1, September 7 1834",MP-1,MP-1_Mosiah_Alma_Helaman,9,8.238735521398082,0.9154150579331203,0.45,0.4503307656336137
OC-1,Oliver Cowdery,OC,OC-1,"Letter to WW Phelps, Letter 1, September 7 1834",MP-3,MP-3_1Nephi_to_WordsOfMormon,11,10.05611828412909,0.9141925712844627,0.55,0.5496692343663864
OC-10,Oliver Cowdery,OC,OC-10,"Blessing from Oliver Cowdery to Joseph Smith Jr., September 22, 1835; rep. H. Michael Marquardt, comp. Early Patriarchal Blessings of The Church of Jesus Christ of Latter-day Saints (Salt Lake City, UT: Smith-Pettit Foundation, 2007), 52",MP-1,MP-1_Mosiah_Alma_Helaman,3,2.6727689857405714,0.8909229952468571,0.15,0.14909668075532356
OC-10,Oliver Cowdery,OC,OC-10,"Blessing from Oliver Cowdery to Joseph Smith Jr., September 22, 1835; rep. H. Michael Marquardt, comp. Early Patriarchal Blessings of The Church of Jesus Christ of Latter-day Saints (Salt Lake City, UT: Smith-Pettit Foundation, 2007), 52",MP-2,MP-2_3Nephi_to_Moroni,4,3.5176795678323627,0.8794198919580907,0.2,0.1962288362079691
OC-10,Oliver Cowdery,OC,OC-10,"Blessing from Oliver Cowdery to Joseph Smith Jr., September 22, 1835; rep. H. Michael Marquardt, comp. Early Patriarchal Blessings of The Church of Jesus Christ of Latter-day Saints (Salt Lake City, UT: Smith-Pettit Foundation, 2007), 52",MP-3,MP-3_1Nephi_to_WordsOfMormon,13,11.735966522874964,0.9027666556057665,0.65,0.6546744830367073
OC-11,Oliver Cowdery,OC,OC-11,"Oliver Cowdery, Letter to William Frye, 22 December 1835; rep. Oliver Cowdery, ""Egyptian Mummies,"" Messenger and Advocate 2, no. 3 (December 1835): 233–237",MP-1,MP-1_Mosiah_Alma_Helaman,11,9.508413174994066,0.8644011977267334,0.55,0.5503514037007122
OC-11,Oliver Cowdery,OC,OC-11,"Oliver Cowdery, Letter to William Frye, 22 December 1835; rep. Oliver Cowdery, ""Egyptian Mummies,"" Messenger and Advocate 2, no. 3 (December 1835): 233–237",MP-2,MP-2_3Nephi_to_Moroni,4,3.4189866297659663,0.8547466574414916,0.2,0.19789254592702754
OC-11,Oliver Cowdery,OC,OC-11,"Oliver Cowdery, Letter to William Frye, 22 December 1835; rep. Oliver Cowdery, ""Egyptian Mummies,"" Messenger and Advocate 2, no. 3 (December 1835): 233–237",MP-3,MP-3_1Nephi_to_WordsOfMormon,5,4.349585610479965,0.8699171220959929,0.25,0.2517560503722601
OC-12,Oliver Cowdery,OC,OC-12,"Oliver Cowdery, Journal, January 21, 1836, 7, CHL, MS 3249",MP-1,MP-1_Mosiah_Alma_Helaman,7,5.534616064341083,0.790659437763012,0.35,0.35032937688061655
OC-12,Oliver Cowdery,OC,OC-12,"Oliver Cowdery, Journal, January 21, 1836, 7, CHL, MS 3249",MP-2,MP-2_3Nephi_to_Moroni,4,3.153106771914702,0.7882766929786755,0.2,0.19958492473577563
OC-12,Oliver Cowdery,OC,OC-12,"Oliver Cowdery, Journal, January 21, 1836, 7, CHL, MS 3249",MP-3,MP-3_1Nephi_to_WordsOfMormon,9,7.11059848530196,0.7900664983668844,0.45,0.45008569838360785
OC-13,Oliver Cowdery,OC,OC-13,"Oliver Cowdery, letter to Joseph Smith, January 21, 1838, The Joseph Smith Papers website, accessed May 23, 2024",MP-1,MP-1_Mosiah_Alma_Helaman,10,7.989939426253484,0.7989939426253483,0.5,0.4964852655758594
OC-13,Oliver Cowdery,OC,OC-13,"Oliver Cowdery, letter to Joseph Smith, January 21, 1838, The Joseph Smith Papers website, accessed May 23, 2024",MP-2,MP-2_3Nephi_to_Moroni,2,1.6328320961359104,0.8164160480679552,0.1,0.10146223064308695
OC-13,Oliver Cowdery,OC,OC-13,"Oliver Cowdery, letter to Joseph Smith, January 21, 1838, The Joseph Smith Papers website, accessed May 23, 2024",MP-3,MP-3_1Nephi_to_WordsOfMormon,8,6.470232601280167,0.8087790751600209,0.4,0.40205250378105356
OC-14,Oliver Cowdery,OC,OC-14,"Oliver Cowdery, Letter, August 3, 1836, rep. Messenger and Advocate 2, no. 12 (September 1836): 374–75",MP-1,MP-1_Mosiah_Alma_Helaman,8,7.178150704385969,0.8972688380482461,0.4,0.4002182913372408
OC-14,Oliver Cowdery,OC,OC-14,"Oliver Cowdery, Letter, August 3, 1836, rep. Messenger and Advocate 2, no. 12 (September 1836): 374–75",MP-2,MP-2_3Nephi_to_Moroni,4,3.587658304667327,0.8969145761668318,0.2,0.20003013808535586
OC-14,Oliver Cowdery,OC,OC-14,"Oliver Cowdery, Letter, August 3, 1836, rep. Messenger and Advocate 2, no. 12 (September 1836): 374–75",MP-3,MP-3_1Nephi_to_WordsOfMormon,8,7.169779792752259,0.8962224740940323,0.4,0.39975157057740335
OC-15,Oliver Cowdery,OC,OC-15,"Oliver Cowdery, Letter to Warren A. Cowdery, January 21, 1838, Oliver Cowdery Letterbook",MP-1,MP-1_Mosiah_Alma_Helaman,13,10.451820580097293,0.8039861984690225,0.65,0.650192573447493
OC-15,Oliver Cowdery,OC,OC-15,"Oliver Cowdery, Letter to Warren A. Cowdery, January 21, 1838, Oliver Cowdery Letterbook",MP-2,MP-2_3Nephi_to_Moroni,4,3.206057449846867,0.8015143624617167,0.2,0.19944417606114676
OC-15,Oliver Cowdery,OC,OC-15,"Oliver Cowdery, Letter to Warren A. Cowdery, January 21, 1838, Oliver Cowdery Letterbook",MP-3,MP-3_1Nephi_to_WordsOfMormon,3,2.417083461355217,0.8056944871184056,0.15,0.15036325049136018
OC-16,Oliver Cowdery,OC,OC-16,"Reuben Miller, Journal, 21 October 1848, pp. 15–18",MP-1,MP-1_Mosiah_Alma_Helaman,7,5.95892445974504,0.8512749228207199,0.35,0.34706849049946215
OC-16,Oliver Cowdery,OC,OC-16,"Reuben Miller, Journal, 21 October 1848, pp. 15–18",MP-2,MP-2_3Nephi_to_Moroni,4,3.4102009424393147,0.8525502356098287,0.2,0.1986219663276109
OC-16,Oliver Cowdery,OC,OC-16,"Reuben Miller, Journal, 21 October 1848, pp. 15–18",MP-3,MP-3_1Nephi_to_WordsOfMormon,9,7.80017870597488,0.8666865228860978,0.45,0.454309543172927
OC-2,Oliver Cowdery,OC,OC-2,"Letter to WW Phelps, Letter 2, November 1834. LDS Messenger and Advocate Vol 1, No 2",MP-1,MP-1_Mosiah_Alma_Helaman,14,13.11612458910192,0.9368660420787086,0.7,0.7013203055571088
OC-2,Oliver Cowdery,OC,OC-2,"Letter to WW Phelps, Letter 2, November 1834. LDS Messenger and Advocate Vol 1, No 2",MP-2,MP-2_3Nephi_to_Moroni,1,0.932147005899658,0.932147005899658,0.05,0.04984198027097685
OC-2,Oliver Cowdery,OC,OC-2,"Letter to WW Phelps, Letter 2, November 1834. LDS Messenger and Advocate Vol 1, No 2",MP-3,MP-3_1Nephi_to_WordsOfMormon,5,4.653774367695659,0.9307548735391318,0.25,0.2488377141719143
OC-3,Oliver Cowdery,OC,OC-3,"Letter to WW Phelps, Letter 3, December 1834. LDS Messenger and Advocate Vol 1, No 3",MP-1,MP-1_Mosiah_Alma_Helaman,13,12.030364299446587,0.9254126384189683,0.65,0.6505876434011533
OC-3,Oliver Cowdery,OC,OC-3,"Letter to WW Phelps, Letter 3, December 1834. LDS Messenger and Advocate Vol 1, No 3",MP-2,MP-2_3Nephi_to_Moroni,1,0.9194561166279599,0.9194561166279599,0.05,0.04972308179855183
OC-3,Oliver Cowdery,OC,OC-3,"Letter to WW Phelps, Letter 3, December 1834. LDS Messenger and Advocate Vol 1, No 3",MP-3,MP-3_1Nephi_to_WordsOfMormon,6,5.541714769798401,0.9236191282997335,0.3,0.29968927480029495
OC-4,Oliver Cowdery,OC,OC-4,"Letter to WW Phelps, Letter 4, February 1835. LDS Messenger and Advocate Vol 1, No 5",MP-1,MP-1_Mosiah_Alma_Helaman,19,17.650557964590455,0.928976734978445,0.95,0.9504001302128882
OC-4,Oliver Cowdery,OC,OC-4,"Letter to WW Phelps, Letter 4, February 1835. LDS Messenger and Advocate Vol 1, No 5",MP-2,MP-2_3Nephi_to_Moroni,1,0.9211545210094352,0.9211545210094352,0.05,0.04959986978711192
OC-5,Oliver Cowdery,OC,OC-5,"Letter to WW Phelps, Letter 5, March 1835. LDS Messenger and Advocate Vol 1, No 6",MP-1,MP-1_Mosiah_Alma_Helaman,14,13.124447895535578,0.9374605639668271,0.7,0.7016122192172835
OC-5,Oliver Cowdery,OC,OC-5,"Letter to WW Phelps, Letter 5, March 1835. LDS Messenger and Advocate Vol 1, No 6",MP-2,MP-2_3Nephi_to_Moroni,4,3.7187712425589625,0.9296928106397406,0.2,0.1987996268506452
OC-5,Oliver Cowdery,OC,OC-5,"Letter to WW Phelps, Letter 5, March 1835. LDS Messenger and Advocate Vol 1, No 6",MP-3,MP-3_1Nephi_to_WordsOfMormon,2,1.8629087428838913,0.93145437144194565,0.1,0.09958815393207132
OC-6,Oliver Cowdery,OC,OC-6,"Letter to WW Phelps, Letter 6, April 1835. LDS Messenger and Advocate Vol 1, No 7",MP-1,MP-1_Mosiah_Alma_Helaman,7,6.601431975008566,0.9430617107155094,0.35,0.3504367224673573
OC-6,Oliver Cowdery,OC,OC-6,"Letter to WW Phelps, Letter 6, April 1835. LDS Messenger and Advocate Vol 1, No 7",MP-2,MP-2_3Nephi_to_Moroni,3,2.8256761712076237,0.941892057069208,0.15,0.15000089373651782
OC-6,Oliver Cowdery,OC,OC-6,"Letter to WW Phelps, Letter 6, April 1835. LDS Messenger and Advocate Vol 1, No 7",MP-3,MP-3_1Nephi_to_WordsOfMormon,10,9.410620755393088,0.9410620755393089,0.5,0.4995623837961249
OC-7,Oliver Cowdery,OC,OC-7,"Letter to WW Phelps, Letter 7, July 1835. LDS Messenger and Advocate Vol 1, No 10",MP-1,MP-1_Mosiah_Alma_Helaman,18,16.66491372297467,0.9258285401652594,0.9,0.900307917977604
OC-7,Oliver Cowdery,OC,OC-7,"Letter to WW Phelps, Letter 7, July 1835. LDS Messenger and Advocate Vol 1, No 10",MP-2,MP-2_3Nephi_to_Moroni,2,1.8453241525398547,0.9226620762699274,0.1,0.09969208202239598
OC-8,Oliver Cowdery,OC,OC-8,"Oliver Cowdery, Letter to Cornelius C. Blatchly, November 9, 1829 in Cornelius C. Blatchly, ""The New Bible,"" Gospel Luminary 2, no. 49 (December 10, 1829): 194",MP-1,MP-1_Mosiah_Alma_Helaman,8,6.595448944341813,0.8244311180427266,0.4,0.3998783788809998
OC-8,Oliver Cowdery,OC,OC-8,"Oliver Cowdery, Letter to Cornelius C. Blatchly, November 9, 1829 in Cornelius C. Blatchly, ""The New Bible,"" Gospel Luminary 2, no. 49 (December 10, 1829): 194",MP-2,MP-2_3Nephi_to_Moroni,4,3.324795455698312,0.831198863924578,0.2,0.20158048802366002
OC-8,Oliver Cowdery,OC,OC-8,"Oliver Cowdery, Letter to Cornelius C. Blatchly, November 9, 1829 in Cornelius C. Blatchly, ""The New Bible,"" Gospel Luminary 2, no. 49 (December 10, 1829): 194",MP-3,MP-3_1Nephi_to_WordsOfMormon,8,6.573392897375644,0.8216741121719555,0.4,0.3985411330953401
OC-9,Oliver Cowdery,OC,OC-9,"Oliver Cowdery, Letter to Joseph Smith, December 28, 1829, The Joseph Smith Papers website, accessed June 20, 2024",MP-1,MP-1_Mosiah_Alma_Helaman,10,7.804209422623276,0.7804209422623276,0.5,0.5040281404675914
OC-9,Oliver Cowdery,OC,OC-9,"Oliver Cowdery, Letter to Joseph Smith, December 28, 1829, The Joseph Smith Papers website, accessed June 20, 2024",MP-2,MP-2_3Nephi_to_Moroni,4,3.0696306386729653,0.7674076596682413,0.2,0.19824944961723187
OC-9,Oliver Cowdery,OC,OC-9,"Oliver Cowdery, Letter to Joseph Smith, December 28, 1829, The Joseph Smith Papers website, accessed June 20, 2024",MP-3,MP-3_1Nephi_to_WordsOfMormon,6,4.609837924189337,0.7683063206982228,0.3,0.2977224099151769
SR-1,Sidney Rigdon,SR,SR-1,"To the Public. Ohio Star, Vol II, No.50: December 15, 1831",MP-1,MP-1_Mosiah_Alma_Helaman,10,8.233316703084965,0.8233316703084965,0.5,0.5000046477280419
SR-1,Sidney Rigdon,SR,SR-1,"To the Public. Ohio Star, Vol II, No.50: December 15, 1831",MP-2,MP-2_3Nephi_to_Moroni,5,4.130619628991073,0.8261239257982145,0.25,0.2508501843149496
SR-1,Sidney Rigdon,SR,SR-1,"To the Public. Ohio Star, Vol II, No.50: December 15, 1831",MP-3,MP-3_1Nephi_to_WordsOfMormon,5,4.102544010649013,0.8205088021298026,0.25,0.2491451679570086
SR-10,Sidney Rigdon,SR,SR-10,"Series of 14 articles from Evening and Morning Star (Vol II, 23: Kirtland, OH August 1834) titled Millenium",MP-1,MP-1_Mosiah_Alma_Helaman,18,16.849999373550027,0.9361110763083349,0.9,0.8998461334423575
SR-10,Sidney Rigdon,SR,SR-10,"Series of 14 articles from Evening and Morning Star (Vol II, 23: Kirtland, OH August 1834) titled Millenium",MP-2,MP-2_3Nephi_to_Moroni,1,0.9387856118625952,0.9387856118625952,0.05,0.05013428097166132
SR-10,Sidney Rigdon,SR,SR-10,"Series of 14 articles from Evening and Morning Star (Vol II, 23: Kirtland, OH August 1834) titled Millenium",MP-3,MP-3_1Nephi_to_WordsOfMormon,1,0.9366378922636149,0.9366378922636149,0.05,0.050019585585981095
SR-11,Sidney Rigdon,SR,SR-11,"Series of 14 articles from LDS Messenger and Advocate (Vol I, 2: Kirtland, OH November 1834) titled Millenium",MP-1,MP-1_Mosiah_Alma_Helaman,12,10.813485518677645,0.9011237932231371,0.6,0.5980238563109569
SR-11,Sidney Rigdon,SR,SR-11,"Series of 14 articles from LDS Messenger and Advocate (Vol I, 2: Kirtland, OH November 1834) titled Millenium",MP-2,MP-2_3Nephi_to_Moroni,2,1.794835532011265,0.8974177660056325,0.1,0.0992607299878793
SR-11,Sidney Rigdon,SR,SR-11,"Series of 14 articles from LDS Messenger and Advocate (Vol I, 2: Kirtland, OH November 1834) titled Millenium",MP-3,MP-3_1Nephi_to_WordsOfMormon,6,5.473709297369502,0.912284882894917,0.3,0.3027154137011639
SR-12,Sidney Rigdon,SR,SR-12,"Series of 14 articles from LDS Messenger and Advocate (Vol 1, 3: Kirtland, OH December 1834) titled Millenium",MP-1,MP-1_Mosiah_Alma_Helaman,13,11.99495041637435,0.9226884935672577,0.65,0.6493019596721566
SR-12,Sidney Rigdon,SR,SR-12,"Series of 14 articles from LDS Messenger and Advocate (Vol 1, 3: Kirtland, OH December 1834) titled Millenium",MP-2,MP-2_3Nephi_to_Moroni,3,2.7636901588049807,0.9212300529349936,0.15,0.14960207201766262
SR-12,Sidney Rigdon,SR,SR-12,"Series of 14 articles from LDS Messenger and Advocate (Vol 1, 3: Kirtland, OH December 1834) titled Millenium",MP-3,MP-3_1Nephi_to_WordsOfMormon,4,3.7149682561120443,0.9287420640280111,0.2,0.20109596831018067
SR-13,Sidney Rigdon,SR,SR-13,"Series of 14 articles from LDS Messenger and Advocate (Vol I, 4: Kirtland, OH January 1835) titled Millenium",MP-1,MP-1_Mosiah_Alma_Helaman,14,12.699800962946714,0.9071286402104796,0.7,0.6997753803646842
SR-13,Sidney Rigdon,SR,SR-13,"Series of 14 articles from LDS Messenger and Advocate (Vol I, 4: Kirtland, OH January 1835) titled Millenium",MP-3,MP-3_1Nephi_to_WordsOfMormon,6,5.44859539293577,0.9080992321559618,0.3,0.3002246196353158
SR-14,Sidney Rigdon,SR,SR-14,"Series of 14 articles from LDS Messenger and Advocate (Vol I, 5: Kirtland, OH February 1835) titled Millenium",MP-1,MP-1_Mosiah_Alma_Helaman,8,7.205975324747173,0.9007469155933966,0.4,0.3984772882369872
SR-14,Sidney Rigdon,SR,SR-14,"Series of 14 articles from LDS Messenger and Advocate (Vol I, 5: Kirtland, OH February 1835) titled Millenium",MP-2,MP-2_3Nephi_to_Moroni,4,3.6130285162423905,0.9032571290605976,0.2,0.19979388501801268
SR-14,Sidney Rigdon,SR,SR-14,"Series of 14 articles from LDS Messenger and Advocate (Vol I, 5: Kirtland, OH February 1835) titled Millenium",MP-3,MP-3_1Nephi_to_WordsOfMormon,8,7.264775429415302,0.9080969286769127,0.4,0.4017288267450002
SR-15,Sidney Rigdon,SR,SR-15,"Series of 14 articles from LDS Messenger and Advocate (Vol I, 6: Kirtland, OH March 1835) titled Millenium",MP-1,MP-1_Mosiah_Alma_Helaman,3,2.8172184623601746,0.9390728207867249,0.15,0.15065601908897144
SR-15,Sidney Rigdon,SR,SR-15,"Series of 14 articles from LDS Messenger and Advocate (Vol I, 6: Kirtland, OH March 1835) titled Millenium",MP-2,MP-2_3Nephi_to_Moroni,4,3.7420162286475045,0.9355040571618761,0.2,0.20011130691727108
SR-15,Sidney Rigdon,SR,SR-15,"Series of 14 articles from LDS Messenger and Advocate (Vol I, 6: Kirtland, OH March 1835) titled Millenium",MP-3,MP-3_1Nephi_to_WordsOfMormon,13,12.14043943682413,0.9338799566787791,0.65,0.6492326739937575
SR-16,Sidney Rigdon,SR,SR-16,"Series of 14 articles from LDS Messenger and Advocate (Vol I, 8: Kirtland, OH May 1835) titled Millenium",MP-1,MP-1_Mosiah_Alma_Helaman,19,17.615939747325235,0.9271547235434334,0.95,0.9498311595085213
SR-16,Sidney Rigdon,SR,SR-16,"Series of 14 articles from LDS Messenger and Advocate (Vol I, 8: Kirtland, OH May 1835) titled Millenium",MP-2,MP-2_3Nephi_to_Moroni,1,0.9304509148219124,0.9304509148219124,0.05,0.05016884049147882
SR-17,Sidney Rigdon,SR,SR-17,"Series of 9 articles from Evening and Morning Star (Vol I, 11: Independence, MO April 1833) titled Gospel",MP-1,MP-1_Mosiah_Alma_Helaman,12,11.292563354555531,0.9410469462129609,0.6,0.6007199832425655
SR-17,Sidney Rigdon,SR,SR-17,"Series of 9 articles from Evening and Morning Star (Vol I, 11: Independence, MO April 1833) titled Gospel",MP-2,MP-2_3Nephi_to_Moroni,4,3.7448663534331583,0.9362165883582896,0.2,0.19921217020867957
SR-17,Sidney Rigdon,SR,SR-17,"Series of 9 articles from Evening and Morning Star (Vol I, 11: Independence, MO April 1833) titled Gospel",MP-3,MP-3_1Nephi_to_WordsOfMormon,4,3.7609516836216743,0.9402379209054186,0.2,0.20006784654875504
SR-18,Sidney Rigdon,SR,SR-18,"Series of 9 articles from Evening and Morning Star (Vol II, 24: Kirtland, OH September 1834) titled Gospel",MP-1,MP-1_Mosiah_Alma_Helaman,18,16.925073921482774,0.9402818845268207,0.9,0.8999820339064527
SR-18,Sidney Rigdon,SR,SR-18,"Series of 9 articles from Evening and Morning Star (Vol II, 24: Kirtland, OH September 1834) titled Gospel",MP-2,MP-2_3Nephi_to_Moroni,2,1.8809391808210272,0.9404695904105136,0.1,0.10001796609354727
SR-19,Sidney Rigdon,SR,SR-19,"Series of 9 articles from LDS Messenger and Advocate (Vol I, 2: Kirtland, OH November 1834) titled Gospel",MP-1,MP-1_Mosiah_Alma_Helaman,15,13.193949836695571,0.8795966557797047,0.75,0.7533091770897608
SR-19,Sidney Rigdon,SR,SR-19,"Series of 9 articles from LDS Messenger and Advocate (Vol I, 2: Kirtland, OH November 1834) titled Gospel",MP-2,MP-2_3Nephi_to_Moroni,2,1.7255718633287151,0.8627859316643576,0.1,0.09852160546784049
SR-19,Sidney Rigdon,SR,SR-19,"Series of 9 articles from LDS Messenger and Advocate (Vol I, 2: Kirtland, OH November 1834) titled Gospel",MP-3,MP-3_1Nephi_to_WordsOfMormon,3,2.5951326251326243,0.8650442083775415,0.15,0.14816921744239875
SR-2,Sidney Rigdon,SR,SR-2,"To the Public. Ohio Star, Vol III, No.5: January 12, 1832",MP-1,MP-1_Mosiah_Alma_Helaman,12,9.931825225556937,0.8276521021297447,0.6,0.6000022547387793
SR-2,Sidney Rigdon,SR,SR-2,"To the Public. Ohio Star, Vol III, No.5: January 12, 1832",MP-2,MP-2_3Nephi_to_Moroni,2,1.6503163676159032,0.8251581838079516,0.1,0.09969905018604756
SR-2,Sidney Rigdon,SR,SR-2,"To the Public. Ohio Star, Vol III, No.5: January 12, 1832",MP-3,MP-3_1Nephi_to_WordsOfMormon,6,4.970838245012796,0.8284730408354661,0.3,0.3002986950751731
SR-20,Sidney Rigdon,SR,SR-20,"Series of 9 articles from LDS Messenger and Advocate (Vol I, 3: Kirtland, OH December 1834) titled Gospel",MP-1,MP-1_Mosiah_Alma_Helaman,12,11.045837223722298,0.9204864353101915,0.6,0.6001550233596207
SR-20,Sidney Rigdon,SR,SR-20,"Series of 9 articles from LDS Messenger and Advocate (Vol I, 3: Kirtland, OH December 1834) titled Gospel",MP-2,MP-2_3Nephi_to_Moroni,3,2.7617767405045326,0.9205922468348442,0.15,0.15005600305714098
SR-20,Sidney Rigdon,SR,SR-20,"Series of 9 articles from LDS Messenger and Advocate (Vol I, 3: Kirtland, OH December 1834) titled Gospel",MP-3,MP-3_1Nephi_to_WordsOfMormon,5,4.597359407300693,0.9194718814601386,0.25,0.24978897358323826
SR-21,Sidney Rigdon,SR,SR-21,"Series of 9 articles from LDS Messenger and Advocate (Vol I, 4: Kirtland, OH January 1835) titled Gospel",MP-1,MP-1_Mosiah_Alma_Helaman,13,11.74572788812536,0.9035175298557969,0.65,0.6501316101099066
SR-21,Sidney Rigdon,SR,SR-21,"Series of 9 articles from LDS Messenger and Advocate (Vol I, 4: Kirtland, OH January 1835) titled Gospel",MP-2,MP-2_3Nephi_to_Moroni,5,4.516204806189139,0.9032409612378277,0.25,0.24997407825207626
SR-21,Sidney Rigdon,SR,SR-21,"Series of 9 articles from LDS Messenger and Advocate (Vol I, 4: Kirtland, OH January 1835) titled Gospel",MP-3,MP-3_1Nephi_to_WordsOfMormon,2,1.804759811437854,0.902379905718927,0.1,0.09989431163801712
SR-22,Sidney Rigdon,SR,SR-22,"Series of 9 articles from LDS Messenger and Advocate (Vol I, 5: Kirtland, OH February 1835) titled Gospel",MP-1,MP-1_Mosiah_Alma_Helaman,14,12.96378093214323,0.925984352295945,0.7,0.701421071643739
SR-22,Sidney Rigdon,SR,SR-22,"Series of 9 articles from LDS Messenger and Advocate (Vol I, 5: Kirtland, OH February 1835) titled Gospel",MP-2,MP-2_3Nephi_to_Moroni,2,1.833206343625041,0.9166031718125205,0.1,0.09918784996600481
SR-22,Sidney Rigdon,SR,SR-22,"Series of 9 articles from LDS Messenger and Advocate (Vol I, 5: Kirtland, OH February 1835) titled Gospel",MP-3,MP-3_1Nephi_to_WordsOfMormon,4,3.6851790808303018,0.9212947702075754,0.2,0.1993910783902562
SR-23,Sidney Rigdon,SR,SR-23,"Series of 9 articles from LDS Messenger and Advocate (Vol I, 6: Kirtland, OH March 1835) titled Gospel",MP-1,MP-1_Mosiah_Alma_Helaman,18,16.80256953510968,0.9334760852838709,0.9,0.90049635180347265
SR-23,Sidney Rigdon,SR,SR-23,"Series of 9 articles from LDS Messenger and Advocate (Vol I, 6: Kirtland, OH March 1835) titled Gospel",MP-2,MP-2_3Nephi_to_Moroni,2,1.8566615672243456,0.9283307836121728,0.1,0.09950364819652732
SR-24,Sidney Rigdon,SR,SR-24,"Series of 9 articles from LDS Messenger and Advocate (Vol I, 8: Kirtland, OH May 1835) titled Gospel",MP-1,MP-1_Mosiah_Alma_Helaman,16,14.592868315403583,0.912054269712724,0.8,0.8018096310840294
SR-24,Sidney Rigdon,SR,SR-24,"Series of 9 articles from LDS Messenger and Advocate (Vol I, 8: Kirtland, OH May 1835) titled Gospel",MP-2,MP-2_3Nephi_to_Moroni,2,1.8027746438978038,0.9013873219489019,0.1,0.0990540064440624
SR-24,Sidney Rigdon,SR,SR-24,"Series of 9 articles from LDS Messenger and Advocate (Vol I, 8: Kirtland, OH May 1835) titled Gospel",MP-3,MP-3_1Nephi_to_WordsOfMormon,2,1.804273516725895,0.9021367583629475,0.1,0.0991363624719082
SR-25,Sidney Rigdon,SR,SR-25,"Series of 9 articles from LDS Messenger and Advocate (Vol I, 9: Kirtland, OH June 1835) titled Gospel",MP-1,MP-1_Mosiah_Alma_Helaman,15,13.448449989840134,0.896563332656009,0.75,0.7510414886405241
SR-25,Sidney Rigdon,SR,SR-25,"Series of 9 articles from LDS Messenger and Advocate (Vol I, 9: Kirtland, OH June 1835) titled Gospel",MP-2,MP-2_3Nephi_to_Moroni,3,2.6710321760174236,0.8903440586724746,0.15,0.14916633390452982
SR-25,Sidney Rigdon,SR,SR-25,"Series of 9 articles from LDS Messenger and Advocate (Vol I, 9: Kirtland, OH June 1835) titled Gospel",MP-3,MP-3_1Nephi_to_WordsOfMormon,2,1.786918736419432,0.893459368209716,0.1,0.09979217745494609
SR-26,Sidney Rigdon,SR,SR-26,"To the Public. Evening and Morning Star, Vol II, No.19: Kirtland, Ohio: April 1834",MP-1,MP-1_Mosiah_Alma_Helaman,13,11.072241088240364,0.8517108529415666,0.65,0.6492126163882737
SR-26,Sidney Rigdon,SR,SR-26,"To the Public. Evening and Morning Star, Vol II, No.19: Kirtland, Ohio: April 1834",MP-2,MP-2_3Nephi_to_Moroni,1,0.8477029713731228,0.8477029713731228,0.05,0.04970443287671589
SR-26,Sidney Rigdon,SR,SR-26,"To the Public. Evening and Morning Star, Vol II, No.19: Kirtland, Ohio: April 1834",MP-3,MP-3_1Nephi_to_WordsOfMormon,6,5.134932584401708,0.8558220974002847,0.3,0.3010829507350105
SR-27,Sidney Rigdon,SR,SR-27,"Dear Brethren, Zion's Camp. Epistle to LDS by SR and OC (May 10, 1834)",MP-1,MP-1_Mosiah_Alma_Helaman,14,12.459608091919817,0.8899720065657012,0.7,0.7010348491087306
SR-27,Sidney Rigdon,SR,SR-27,"Dear Brethren, Zion's Camp. Epistle to LDS by SR and OC (May 10, 1834)",MP-2,MP-2_3Nephi_to_Moroni,1,0.888277492648261,0.888277492648261,0.05,0.04997857664794378
SR-27,Sidney Rigdon,SR,SR-27,"Dear Brethren, Zion's Camp. Epistle to LDS by SR and OC (May 10, 1834)",MP-3,MP-3_1Nephi_to_WordsOfMormon,5,4.425279483845419,0.8850558967690838,0.25,0.2489865742433256
SR-28,Sidney Rigdon,SR,SR-28,"Ancient Order of Things, LDS Messenger and Advocate, Vol 1, No 12, Kirtland Ohio, September 1835",MP-1,MP-1_Mosiah_Alma_Helaman,17,15.78777931155016,0.9286929006794211,0.85,0.8513458420989575
SR-28,Sidney Rigdon,SR,SR-28,"Ancient Order of Things, LDS Messenger and Advocate, Vol 1, No 12, Kirtland Ohio, September 1835",MP-2,MP-2_3Nephi_to_Moroni,3,2.7567163925999356,0.9189054641999786,0.15,0.14865415790104267
SR-29,Sidney Rigdon,SR,SR-29,"ORDER OF THE NEW TESTAMENT CHURCH. No. I., LDS Messenger and Advocate, Vol 2, No 2, Kirtland Ohio, November 1835",MP-1,MP-1_Mosiah_Alma_Helaman,18,16.62046709480942,0.9233592830449678,0.9,0.8997014719738962
SR-29,Sidney Rigdon,SR,SR-29,"ORDER OF THE NEW TESTAMENT CHURCH. No. I., LDS Messenger and Advocate, Vol 2, No 2, Kirtland Ohio, November 1835",MP-2,MP-2_3Nephi_to_Moroni,1,0.9317671028635228,0.9317671028635228,0.05,0.050438548399459215
SR-29,Sidney Rigdon,SR,SR-29,"ORDER OF THE NEW TESTAMENT CHURCH. No. I., LDS Messenger and Advocate, Vol 2, No 2, Kirtland Ohio, November 1835",MP-3,MP-3_1Nephi_to_WordsOfMormon,1,0.9210790207049454,0.9210790207049454,0.05,0.04985997962664457
SR-3,Sidney Rigdon,SR,SR-3,"Series of 14 articles from Evening and Morning Star (Vol II, 15: Kirtland, OH December 1833) titled Millenium",MP-1,MP-1_Mosiah_Alma_Helaman,11,9.664260306775423,0.8785691187977657,0.55,0.5497261994405288
SR-3,Sidney Rigdon,SR,SR-3,"Series of 14 articles from Evening and Morning Star (Vol II, 15: Kirtland, OH December 1833) titled Millenium",MP-2,MP-2_3Nephi_to_Moroni,2,1.7453962619455043,0.8726981309727522,0.1,0.09928230647143559
SR-3,Sidney Rigdon,SR,SR-3,"Series of 14 articles from Evening and Morning Star (Vol II, 15: Kirtland, OH December 1833) titled Millenium",MP-3,MP-3_1Nephi_to_WordsOfMormon,7,6.170477535513148,0.8814967907875925,0.35,0.3509914940880356
SR-30,Sidney Rigdon,SR,SR-30,"LDS Messenger and Advocate, Vol 2, No 4, Kirtland Ohio, January 1836",MP-1,MP-1_Mosiah_Alma_Helaman,17,14.710473910784305,0.865321994752018,0.85,0.8502332682526981
SR-30,Sidney Rigdon,SR,SR-30,"LDS Messenger and Advocate, Vol 2, No 4, Kirtland Ohio, January 1836",MP-3,MP-3_1Nephi_to_WordsOfMormon,3,2.5912178249620337,0.8637392749873446,0.15,0.14976673174730198
SR-31,Sidney Rigdon,SR,SR-31,"LDS Messenger and Advocate, Vol 2, No 5, Kirtland Ohio, February 1836",MP-1,MP-1_Mosiah_Alma_Helaman,12,10.926930916837541,0.9105775764031285,0.6,0.5996765843401984
SR-31,Sidney Rigdon,SR,SR-31,"LDS Messenger and Advocate, Vol 2, No 5, Kirtland Ohio, February 1836",MP-2,MP-2_3Nephi_to_Moroni,2,1.8113131211919158,0.9056565605959579,0.1,0.0994059607362576
SR-31,Sidney Rigdon,SR,SR-31,"LDS Messenger and Advocate, Vol 2, No 5, Kirtland Ohio, February 1836",MP-3,MP-3_1Nephi_to_WordsOfMormon,6,5.483129285826488,0.9138548809710814,0.3,0.30091745492354394
SR-32,Sidney Rigdon,SR,SR-32,"LDS Messenger and Advocate, Vol 2, No 6, Kirtland Ohio, March 1836",MP-1,MP-1_Mosiah_Alma_Helaman,8,7.0790466603612305,0.8848808325451538,0.4,0.4009210256276482
SR-32,Sidney Rigdon,SR,SR-32,"LDS Messenger and Advocate, Vol 2, No 6, Kirtland Ohio, March 1836",MP-2,MP-2_3Nephi_to_Moroni,6,5.276589352704798,0.879431558784133,0.3,0.2988390551157048
SR-32,Sidney Rigdon,SR,SR-32,"LDS Messenger and Advocate, Vol 2, No 6, Kirtland Ohio, March 1836",MP-3,MP-3_1Nephi_to_WordsOfMormon,6,5.301324355322912,0.8835540592204852,0.3,0.300239919256647
SR-33,Sidney Rigdon,SR,SR-33,"LDS Messenger and Advocate, Vol 2, No 7, Kirtland Ohio, April 1836",MP-1,MP-1_Mosiah_Alma_Helaman,16,14.535915856323161,0.9084947410201976,0.8,0.7997250611764821
SR-33,Sidney Rigdon,SR,SR-33,"LDS Messenger and Advocate, Vol 2, No 7, Kirtland Ohio, April 1836",MP-2,MP-2_3Nephi_to_Moroni,1,0.9013020424521072,0.9013020424521072,0.05,0.0495870943505051
SR-33,Sidney Rigdon,SR,SR-33,"LDS Messenger and Advocate, Vol 2, No 7, Kirtland Ohio, April 1836",MP-3,MP-3_1Nephi_to_WordsOfMormon,3,2.7389235803216287,0.9129745267738762,0.15,0.15068784447301273
SR-34,Sidney Rigdon,SR,SR-34,"LDS Messenger and Advocate, Vol 2, No 9, Kirtland Ohio, June 1836",MP-1,MP-1_Mosiah_Alma_Helaman,12,10.852835483352761,0.9044029569460635,0.6,0.6020743968665271
SR-34,Sidney Rigdon,SR,SR-34,"LDS Messenger and Advocate, Vol 2, No 9, Kirtland Ohio, June 1836",MP-2,MP-2_3Nephi_to_Moroni,4,3.572420496187064,0.893105124046766,0.2,0.19818442091881605
SR-34,Sidney Rigdon,SR,SR-34,"LDS Messenger and Advocate, Vol 2, No 9, Kirtland Ohio, June 1836",MP-3,MP-3_1Nephi_to_WordsOfMormon,4,3.600482267819509,0.9001205669548773,0.2,0.19974118221465678
SR-35,Sidney Rigdon,SR,SR-35,"Latter-day Glory. LDS Messenger and Advocate, Vol 3, No 2, Kirtland Ohio, November 1836",MP-1,MP-1_Mosiah_Alma_Helaman,14,12.903482668490886,0.9216773334636348,0.7,0.6997701930613329
SR-35,Sidney Rigdon,SR,SR-35,"Latter-day Glory. LDS Messenger and Advocate, Vol 3, No 2, Kirtland Ohio, November 1836",MP-2,MP-2_3Nephi_to_Moroni,2,1.8441971459258601,0.9220985729629301,0.1,0.10001285900891044
SR-35,Sidney Rigdon,SR,SR-35,"Latter-day Glory. LDS Messenger and Advocate, Vol 3, No 2, Kirtland Ohio, November 1836",MP-3,MP-3_1Nephi_to_WordsOfMormon,4,3.6919204949950197,0.9229801237487549,0.2,0.20021694792975664
SR-36,Sidney Rigdon,SR,SR-36,"Saints and the World. LDS Messenger and Advocate, Vol 3, No 3, Kirtland Ohio, December 1836",MP-1,MP-1_Mosiah_Alma_Helaman,10,9.146162781629966,0.9146162781629967,0.5,0.4994798631324375
SR-36,Sidney Rigdon,SR,SR-36,"Saints and the World. LDS Messenger and Advocate, Vol 3, No 3, Kirtland Ohio, December 1836",MP-2,MP-2_3Nephi_to_Moroni,2,1.8122764144123953,0.9061382072061976,0.1,0.09896998304545046
SR-36,Sidney Rigdon,SR,SR-36,"Saints and the World. LDS Messenger and Advocate, Vol 3, No 3, Kirtland Ohio, December 1836",MP-3,MP-3_1Nephi_to_WordsOfMormon,8,7.352935209065244,0.9191169011331555,0.4,0.40155015382211195
SR-37,Sidney Rigdon,SR,SR-37,"Persecution. LDS Messenger and Advocate, Vol 3, No 4, Kirtland Ohio, January 1837",MP-1,MP-1_Mosiah_Alma_Helaman,18,16.574871749635818,0.920826208313101,0.9,0.9005454932025101
SR-37,Sidney Rigdon,SR,SR-37,"Persecution. LDS Messenger and Advocate, Vol 3, No 4, Kirtland Ohio, January 1837",MP-2,MP-2_3Nephi_to_Moroni,1,0.918077474108026,0.918077474108026,0.05,0.04988096102383976
SR-37,Sidney Rigdon,SR,SR-37,"Persecution. LDS Messenger and Advocate, Vol 3, No 4, Kirtland Ohio, January 1837",MP-3,MP-3_1Nephi_to_WordsOfMormon,1,0.9124193831129173,0.9124193831129173,0.05,0.049573545773650154
SR-38,Sidney Rigdon,SR,SR-38,"Persecution. LDS Messenger and Advocate, Vol 3, No 6, Kirtland Ohio, March 1837",MP-1,MP-1_Mosiah_Alma_Helaman,18,16.74182044110224,0.9301011356167912,0.9,0.900049438047069
SR-38,Sidney Rigdon,SR,SR-38,"Persecution. LDS Messenger and Advocate, Vol 3, No 6, Kirtland Ohio, March 1837",MP-2,MP-2_3Nephi_to_Moroni,2,1.859180496611482,0.929590248305741,0.1,0.09995056195293094
SR-39,Sidney Rigdon,SR,SR-39,"PROSPECTUS. LDS Messenger and Advocate, Vol 3, No 11, Kirtland Ohio, August 1837",MP-1,MP-1_Mosiah_Alma_Helaman,13,11.848116881919383,0.911393606301491,0.65,0.6519823364876581
SR-39,Sidney Rigdon,SR,SR-39,"PROSPECTUS. LDS Messenger and Advocate, Vol 3, No 11, Kirtland Ohio, August 1837",MP-2,MP-2_3Nephi_to_Moroni,5,4.5105496843152295,0.9021099368630459,0.25,0.24820811200058873
SR-39,Sidney Rigdon,SR,SR-39,"PROSPECTUS. LDS Messenger and Advocate, Vol 3, No 11, Kirtland Ohio, August 1837",MP-3,MP-3_1Nephi_to_WordsOfMormon,2,1.813784156506192,0.906892078253096,0.1,0.09980955151175304
SR-4,Sidney Rigdon,SR,SR-4,"Series of 14 articles from Evening and Morning Star (Vol II, 16: Kirtland, OH January 1834) titled Millenium",MP-1,MP-1_Mosiah_Alma_Helaman,17,15.56724708846571,0.9157204169685711,0.85,0.850744143011325
SR-4,Sidney Rigdon,SR,SR-4,"Series of 14 articles from Evening and Morning Star (Vol II, 16: Kirtland, OH January 1834) titled Millenium",MP-3,MP-3_1Nephi_to_WordsOfMormon,3,2.7311417001579956,0.9103805667193319,0.15,0.1492558569886751
SR-40,Sidney Rigdon,SR,SR-40,"Vol 1, No 1, Kirtland Ohio, October 1837",MP-1,MP-1_Mosiah_Alma_Helaman,9,7.995469135354647,0.8883854594838497,0.45,0.4508367209075158
SR-40,Sidney Rigdon,SR,SR-40,"Vol 1, No 1, Kirtland Ohio, October 1837",MP-2,MP-2_3Nephi_to_Moroni,3,2.6448709859436743,0.8816236619812248,0.15,0.14913508417581856
SR-40,Sidney Rigdon,SR,SR-40,"Vol 1, No 1, Kirtland Ohio, October 1837",MP-3,MP-3_1Nephi_to_WordsOfMormon,8,7.094393463091379,0.8867991828864223,0.4,0.4000281949166656
SR-41,Sidney Rigdon,SR,SR-41,"TO THE SAINTS ABROAD. Vol 1, No 4, Far West MO, August 1838",MP-1,MP-1_Mosiah_Alma_Helaman,12,10.878514637237796,0.906542886436483,0.6,0.6000019820141047
SR-41,Sidney Rigdon,SR,SR-41,"TO THE SAINTS ABROAD. Vol 1, No 4, Far West MO, August 1838",MP-2,MP-2_3Nephi_to_Moroni,2,1.8067547984447123,0.9033773992223562,0.1,0.09965114689183141
SR-41,Sidney Rigdon,SR,SR-41,"TO THE SAINTS ABROAD. Vol 1, No 4, Far West MO, August 1838",MP-3,MP-3_1Nephi_to_WordsOfMormon,6,5.445528400552083,0.9075880667586805,0.3,0.3003468710940639
SR-42,Sidney Rigdon,SR,SR-42,"Oration. July 4 1838, Far West, Caldwell County, MO by Mr. S. Rigdon",MP-1,MP-1_Mosiah_Alma_Helaman,14,12.644558544745863,0.9031827531961331,0.7,0.699932948169886
SR-42,Sidney Rigdon,SR,SR-42,"Oration. July 4 1838, Far West, Caldwell County, MO by Mr. S. Rigdon",MP-2,MP-2_3Nephi_to_Moroni,1,0.9023328111200772,0.9023328111200772,0.05,0.04994816248291492
SR-42,Sidney Rigdon,SR,SR-42,"Oration. July 4 1838, Far West, Caldwell County, MO by Mr. S. Rigdon",MP-3,MP-3_1Nephi_to_WordsOfMormon,5,4.518494161143335,0.9036988322286669,0.25,0.250118889347199
SR-43,Sidney Rigdon,SR,SR-43,"COMMUNICATIONS. May 27, 1838, Commerce",MP-1,MP-1_Mosiah_Alma_Helaman,14,12.416708221828708,0.886907730130622,0.7,0.7008350261908649
SR-43,Sidney Rigdon,SR,SR-43,"COMMUNICATIONS. May 27, 1838, Commerce",MP-3,MP-3_1Nephi_to_WordsOfMormon,6,5.300311843956575,0.8833853073260958,0.3,0.29916497380913504
SR-44,Sidney Rigdon,SR,SR-44,"Editor of Wasp. Nauvoo, August 27, 1842",MP-1,MP-1_Mosiah_Alma_Helaman,10,7.533918600137542,0.7533918600137542,0.5,0.5004717881177558
SR-44,Sidney Rigdon,SR,SR-44,"Editor of Wasp. Nauvoo, August 27, 1842",MP-2,MP-2_3Nephi_to_Moroni,5,3.7908689826360322,0.7581737965272064,0.25,0.25182419388302874
SR-44,Sidney Rigdon,SR,SR-44,"Editor of Wasp. Nauvoo, August 27, 1842",MP-3,MP-3_1Nephi_to_WordsOfMormon,5,3.7288453671918083,0.7457690734383616,0.25,0.24770401799921546
SR-45,Sidney Rigdon,SR,SR-45,"Trial of Joseph Smith, Nauvoo Neighbor, July 26, 1843",MP-1,MP-1_Mosiah_Alma_Helaman,14,12.854556719177907,0.9181826227984219,0.7,0.7009165936279147
SR-45,Sidney Rigdon,SR,SR-45,"Trial of Joseph Smith, Nauvoo Neighbor, July 26, 1843",MP-3,MP-3_1Nephi_to_WordsOfMormon,6,5.485081457517646,0.9141802429196076,0.3,0.29908340637208536
SR-5,Sidney Rigdon,SR,SR-5,"Series of 14 articles from Evening and Morning Star (Vol II, 17: Kirtland, OH February 1834) titled Millenium",MP-1,MP-1_Mosiah_Alma_Helaman,13,11.86337066192306,0.9125669739940816,0.65,0.649560816937975
SR-5,Sidney Rigdon,SR,SR-5,"Series of 14 articles from Evening and Morning Star (Vol II, 17: Kirtland, OH February 1834) titled Millenium",MP-2,MP-2_3Nephi_to_Moroni,3,2.737176221738981,0.9123920739129935,0.15,0.14986992089883527
SR-5,Sidney Rigdon,SR,SR-5,"Series of 14 articles from Evening and Morning Star (Vol II, 17: Kirtland, OH February 1834) titled Millenium",MP-3,MP-3_1Nephi_to_WordsOfMormon,4,3.6631327481342626,0.9157831870335656,0.2,0.2005692621631898
SR-6,Sidney Rigdon,SR,SR-6,"Series of 14 articles from Evening and Morning Star (Vol II, 19: Kirtland, OH April 1834) titled Millenium",MP-1,MP-1_Mosiah_Alma_Helaman,14,12.92064677655854,0.9229033411827527,0.7,0.7006012438178112
SR-6,Sidney Rigdon,SR,SR-6,"Series of 14 articles from Evening and Morning Star (Vol II, 19: Kirtland, OH April 1834) titled Millenium",MP-2,MP-2_3Nephi_to_Moroni,1,0.9312396601084105,0.9312396601084105,0.05,0.05049496944286906
SR-6,Sidney Rigdon,SR,SR-6,"Series of 14 articles from Evening and Morning Star (Vol II, 19: Kirtland, OH April 1834) titled Millenium",MP-3,MP-3_1Nephi_to_WordsOfMormon,5,4.590339994661664,0.9180679989323329,0.25,0.24890378673931982
SR-7,Sidney Rigdon,SR,SR-7,"Series of 14 articles from Evening and Morning Star (Vol II, 20: Kirtland, OH May 1834) titled Millenium",MP-1,MP-1_Mosiah_Alma_Helaman,7,6.4322234128365725,0.9188890589766532,0.35,0.3496065520441672
SR-7,Sidney Rigdon,SR,SR-7,"Series of 14 articles from Evening and Morning Star (Vol II, 20: Kirtland, OH May 1834) titled Millenium",MP-2,MP-2_3Nephi_to_Moroni,6,5.510944539138675,0.9184907565231125,0.3,0.2995328668139743
SR-7,Sidney Rigdon,SR,SR-7,"Series of 14 articles from Evening and Morning Star (Vol II, 20: Kirtland, OH May 1834) titled Millenium",MP-3,MP-3_1Nephi_to_WordsOfMormon,7,6.455295621510539,0.9221850887872198,0.35,0.3508605811418586
SR-8,Sidney Rigdon,SR,SR-8,"Series of 14 articles from Evening and Morning Star (Vol II, 21: Kirtland, OH June 1834) titled Millenium",MP-1,MP-1_Mosiah_Alma_Helaman,9,8.298804844506495,0.9220894271673884,0.45,0.4490292031712296
SR-8,Sidney Rigdon,SR,SR-8,"Series of 14 articles from Evening and Morning Star (Vol II, 21: Kirtland, OH June 1834) titled Millenium",MP-2,MP-2_3Nephi_to_Moroni,6,5.540549372847751,0.9234248954746253,0.3,0.29978635678697263
SR-8,Sidney Rigdon,SR,SR-8,"Series of 14 articles from Evening and Morning Star (Vol II, 21: Kirtland, OH June 1834) titled Millenium",MP-3,MP-3_1Nephi_to_WordsOfMormon,5,4.6423052958732,0.9284610591746401,0.25,0.2511844400417977
SR-9,Sidney Rigdon,SR,SR-9,"Series of 14 articles from Evening and Morning Star (Vol II, 22: Kirtland, OH July 1834) titled Millenium",MP-1,MP-1_Mosiah_Alma_Helaman,13,12.071961335209151,0.928612410400704,0.65,0.6491647038654722
SR-9,Sidney Rigdon,SR,SR-9,"Series of 14 articles from Evening and Morning Star (Vol II, 22: Kirtland, OH July 1834) titled Millenium",MP-2,MP-2_3Nephi_to_Moroni,2,1.8567490051100326,0.9283745025550163,0.1,0.09984590611131887
SR-9,Sidney Rigdon,SR,SR-9,"Series of 14 articles from Evening and Morning Star (Vol II, 22: Kirtland, OH July 1834) titled Millenium",MP-3,MP-3_1Nephi_to_WordsOfMormon,5,4.667435234642405,0.9334870469284811,0.25,0.2509893900232089
