corpus_id,translation,corpus_family,source_family,doc_id,doc_id_original,book,chapter,section,macro_genre,mosiah_priority,mosiah_priority_label,n_verses,is_kjv,is_bom,is_isaiah,is_bom_mp1,is_bom_mp2,is_bom_mp3
BOM,1830,BOM,BOM_1830,BOM_1830__1_Nephi_1,1_Nephi_1,1 Nephi,1,MP-3,BOM,MP-3,MP-3_1Nephi_to_WordsOfMormon,20,FALSE,TRUE,FALSE,FALSE,FALSE,TRUE
BOM,1830,BOM,BOM_1830,BOM_1830__1_Nephi_2,1_Nephi_2,1 Nephi,2,MP-3,BOM,MP-3,MP-3_1Nephi_to_WordsOfMormon,24,FALSE,TRUE,FALSE,FALSE,FALSE,TRUE
BOM,1830,BOM,BOM_1830,BOM_1830__1_Nephi_3,1_Nephi_3,1 Nephi,3,MP-3,BOM,MP-3,MP-3_1Nephi_to_WordsOfMormon,31,FALSE,TRUE,FALSE,FALSE,FALSE,TRUE
BOM,1830,BOM,BOM_1830,BOM_1830__1_Nephi_4,1_Nephi_4,1 Nephi,4,MP-3,BOM,MP-3,MP-3_1Nephi_to_WordsOfMormon,38,FALSE,TRUE,FALSE,FALSE,FALSE,TRUE
BOM,1830,BOM,BOM_1830,BOM_1830__1_Nephi_5,1_Nephi_5,1 Nephi,5,MP-3,BOM,MP-3,MP-3_1Nephi_to_WordsOfMormon,22,FALSE,TRUE,FALSE,FALSE,FALSE,TRUE
BOM,1830,BOM,BOM_1830,BOM_1830__1_Nephi_6,1_Nephi_6,1 Nephi,6,MP-3,BOM,MP-3,MP-3_1Nephi_to_WordsOfMormon,6,FALSE,TRUE,FALSE,FALSE,FALSE,TRUE
BOM,1830,BOM,BOM_1830,BOM_1830__1_Nephi_7,1_Nephi_7,1 Nephi,7,MP-3,BOM,MP-3,MP-3_1Nephi_to_WordsOfMormon,22,FALSE,TRUE,FALSE,FALSE,FALSE,TRUE
BOM,1830,BOM,BOM_1830,BOM_1830__1_Nephi_8,1_Nephi_8,1 Nephi,8,MP-3,BOM,MP-3,MP-3_1Nephi_to_WordsOfMormon,38,FALSE,TRUE,FALSE,FALSE,FALSE,TRUE
BOM,1830,BOM,BOM_1830,BOM_1830__1_Nephi_9,1_Nephi_9,1 Nephi,9,MP-3,BOM,MP-3,MP-3_1Nephi_to_WordsOfMormon,6,FALSE,TRUE,FALSE,FALSE,FALSE,TRUE
BOM,1830,BOM,BOM_1830,BOM_1830__1_Nephi_10,1_Nephi_10,1 Nephi,10,MP-3,BOM,MP-3,MP-3_1Nephi_to_WordsOfMormon,22,FALSE,TRUE,FALSE,FALSE,FALSE,TRUE
BOM,1830,BOM,BOM_1830,BOM_1830__1_Nephi_11,1_Nephi_11,1 Nephi,11,MP-3,BOM,MP-3,MP-3_1Nephi_to_WordsOfMormon,36,FALSE,TRUE,FALSE,FALSE,FALSE,TRUE
BOM,1830,BOM,BOM_1830,BOM_1830__1_Nephi_12,1_Nephi_12,1 Nephi,12,MP-3,BOM,MP-3,MP-3_1Nephi_to_WordsOfMormon,23,FALSE,TRUE,FALSE,FALSE,FALSE,TRUE
BOM,1830,BOM,BOM_1830,BOM_1830__1_Nephi_13,1_Nephi_13,1 Nephi,13,MP-3,BOM,MP-3,MP-3_1Nephi_to_WordsOfMormon,42,FALSE,TRUE,FALSE,FALSE,FALSE,TRUE
BOM,1830,BOM,BOM_1830,BOM_1830__1_Nephi_14,1_Nephi_14,1 Nephi,14,MP-3,BOM,MP-3,MP-3_1Nephi_to_WordsOfMormon,30,FALSE,TRUE,FALSE,FALSE,FALSE,TRUE
BOM,1830,BOM,BOM_1830,BOM_1830__1_Nephi_15,1_Nephi_15,1 Nephi,15,MP-3,BOM,MP-3,MP-3_1Nephi_to_WordsOfMormon,36,FALSE,TRUE,FALSE,FALSE,FALSE,TRUE
BOM,1830,BOM,BOM_1830,BOM_1830__1_Nephi_16,1_Nephi_16,1 Nephi,16,MP-3,BOM,MP-3,MP-3_1Nephi_to_WordsOfMormon,39,FALSE,TRUE,FALSE,FALSE,FALSE,TRUE
BOM,1830,BOM,BOM_1830,BOM_1830__1_Nephi_17,1_Nephi_17,1 Nephi,17,MP-3,BOM,MP-3,MP-3_1Nephi_to_WordsOfMormon,55,FALSE,TRUE,FALSE,FALSE,FALSE,TRUE
BOM,1830,BOM,BOM_1830,BOM_1830__1_Nephi_18,1_Nephi_18,1 Nephi,18,MP-3,BOM,MP-3,MP-3_1Nephi_to_WordsOfMormon,25,FALSE,TRUE,FALSE,FALSE,FALSE,TRUE
BOM,1830,BOM,BOM_1830,BOM_1830__1_Nephi_19,1_Nephi_19,1 Nephi,19,MP-3,BOM,MP-3,MP-3_1Nephi_to_WordsOfMormon,24,FALSE,TRUE,FALSE,FALSE,FALSE,TRUE
BOM,1830,BOM,BOM_1830,BOM_1830__1_Nephi_20,1_Nephi_20,1 Nephi,20,MP-3,BOM,MP-3,MP-3_1Nephi_to_WordsOfMormon,22,FALSE,TRUE,FALSE,FALSE,FALSE,TRUE
BOM,1830,BOM,BOM_1830,BOM_1830__1_Nephi_21,1_Nephi_21,1 Nephi,21,MP-3,BOM,MP-3,MP-3_1Nephi_to_WordsOfMormon,26,FALSE,TRUE,FALSE,FALSE,FALSE,TRUE
BOM,1830,BOM,BOM_1830,BOM_1830__1_Nephi_22,1_Nephi_22,1 Nephi,22,MP-3,BOM,MP-3,MP-3_1Nephi_to_WordsOfMormon,31,FALSE,TRUE,FALSE,FALSE,FALSE,TRUE
BOM,1830,BOM,BOM_1830,BOM_1830__2_Nephi_1,2_Nephi_1,2 Nephi,1,MP-3,BOM,MP-3,MP-3_1Nephi_to_WordsOfMormon,32,FALSE,TRUE,FALSE,FALSE,FALSE,TRUE
BOM,1830,BOM,BOM_1830,BOM_1830__2_Nephi_2,2_Nephi_2,2 Nephi,2,MP-3,BOM,MP-3,MP-3_1Nephi_to_WordsOfMormon,30,FALSE,TRUE,FALSE,FALSE,FALSE,TRUE
BOM,1830,BOM,BOM_1830,BOM_1830__2_Nephi_3,2_Nephi_3,2 Nephi,3,MP-3,BOM,MP-3,MP-3_1Nephi_to_WordsOfMormon,25,FALSE,TRUE,FALSE,FALSE,FALSE,TRUE
BOM,1830,BOM,BOM_1830,BOM_1830__2_Nephi_4,2_Nephi_4,2 Nephi,4,MP-3,BOM,MP-3,MP-3_1Nephi_to_WordsOfMormon,35,FALSE,TRUE,FALSE,FALSE,FALSE,TRUE
BOM,1830,BOM,BOM_1830,BOM_1830__2_Nephi_5,2_Nephi_5,2 Nephi,5,MP-3,BOM,MP-3,MP-3_1Nephi_to_WordsOfMormon,34,FALSE,TRUE,FALSE,FALSE,FALSE,TRUE
BOM,1830,BOM,BOM_1830,BOM_1830__2_Nephi_6,2_Nephi_6,2 Nephi,6,MP-3,BOM,MP-3,MP-3_1Nephi_to_WordsOfMormon,18,FALSE,TRUE,FALSE,FALSE,FALSE,TRUE
BOM,1830,BOM,BOM_1830,BOM_1830__2_Nephi_7,2_Nephi_7,2 Nephi,7,MP-3,BOM,MP-3,MP-3_1Nephi_to_WordsOfMormon,11,FALSE,TRUE,FALSE,FALSE,FALSE,TRUE
BOM,1830,BOM,BOM_1830,BOM_1830__2_Nephi_8,2_Nephi_8,2 Nephi,8,MP-3,BOM,MP-3,MP-3_1Nephi_to_WordsOfMormon,25,FALSE,TRUE,FALSE,FALSE,FALSE,TRUE
BOM,1830,BOM,BOM_1830,BOM_1830__2_Nephi_9,2_Nephi_9,2 Nephi,9,MP-3,BOM,MP-3,MP-3_1Nephi_to_WordsOfMormon,54,FALSE,TRUE,FALSE,FALSE,FALSE,TRUE
BOM,1830,BOM,BOM_1830,BOM_1830__2_Nephi_10,2_Nephi_10,2 Nephi,10,MP-3,BOM,MP-3,MP-3_1Nephi_to_WordsOfMormon,25,FALSE,TRUE,FALSE,FALSE,FALSE,TRUE
BOM,1830,BOM,BOM_1830,BOM_1830__2_Nephi_11,2_Nephi_11,2 Nephi,11,MP-3,BOM,MP-3,MP-3_1Nephi_to_WordsOfMormon,8,FALSE,TRUE,FALSE,FALSE,FALSE,TRUE
BOM,1830,BOM,BOM_1830,BOM_1830__2_Nephi_12,2_Nephi_12,2 Nephi,12,MP-3,BOM,MP-3,MP-3_1Nephi_to_WordsOfMormon,22,FALSE,TRUE,FALSE,FALSE,FALSE,TRUE
BOM,1830,BOM,BOM_1830,BOM_1830__2_Nephi_13,2_Nephi_13,2 Nephi,13,MP-3,BOM,MP-3,MP-3_1Nephi_to_WordsOfMormon,26,FALSE,TRUE,FALSE,FALSE,FALSE,TRUE
BOM,1830,BOM,BOM_1830,BOM_1830__2_Nephi_14,2_Nephi_14,2 Nephi,14,MP-3,BOM,MP-3,MP-3_1Nephi_to_WordsOfMormon,6,FALSE,TRUE,FALSE,FALSE,FALSE,TRUE
BOM,1830,BOM,BOM_1830,BOM_1830__2_Nephi_15,2_Nephi_15,2 Nephi,15,MP-3,BOM,MP-3,MP-3_1Nephi_to_WordsOfMormon,30,FALSE,TRUE,FALSE,FALSE,FALSE,TRUE
BOM,1830,BOM,BOM_1830,BOM_1830__2_Nephi_16,2_Nephi_16,2 Nephi,16,MP-3,BOM,MP-3,MP-3_1Nephi_to_WordsOfMormon,13,FALSE,TRUE,FALSE,FALSE,FALSE,TRUE
BOM,1830,BOM,BOM_1830,BOM_1830__2_Nephi_17,2_Nephi_17,2 Nephi,17,MP-3,BOM,MP-3,MP-3_1Nephi_to_WordsOfMormon,25,FALSE,TRUE,FALSE,FALSE,FALSE,TRUE
BOM,1830,BOM,BOM_1830,BOM_1830__2_Nephi_18,2_Nephi_18,2 Nephi,18,MP-3,BOM,MP-3,MP-3_1Nephi_to_WordsOfMormon,22,FALSE,TRUE,FALSE,FALSE,FALSE,TRUE
BOM,1830,BOM,BOM_1830,BOM_1830__2_Nephi_19,2_Nephi_19,2 Nephi,19,MP-3,BOM,MP-3,MP-3_1Nephi_to_WordsOfMormon,21,FALSE,TRUE,FALSE,FALSE,FALSE,TRUE
BOM,1830,BOM,BOM_1830,BOM_1830__2_Nephi_20,2_Nephi_20,2 Nephi,20,MP-3,BOM,MP-3,MP-3_1Nephi_to_WordsOfMormon,34,FALSE,TRUE,FALSE,FALSE,FALSE,TRUE
BOM,1830,BOM,BOM_1830,BOM_1830__2_Nephi_21,2_Nephi_21,2 Nephi,21,MP-3,BOM,MP-3,MP-3_1Nephi_to_WordsOfMormon,16,FALSE,TRUE,FALSE,FALSE,FALSE,TRUE
BOM,1830,BOM,BOM_1830,BOM_1830__2_Nephi_22,2_Nephi_22,2 Nephi,22,MP-3,BOM,MP-3,MP-3_1Nephi_to_WordsOfMormon,6,FALSE,TRUE,FALSE,FALSE,FALSE,TRUE
BOM,1830,BOM,BOM_1830,BOM_1830__2_Nephi_23,2_Nephi_23,2 Nephi,23,MP-3,BOM,MP-3,MP-3_1Nephi_to_WordsOfMormon,22,FALSE,TRUE,FALSE,FALSE,FALSE,TRUE
BOM,1830,BOM,BOM_1830,BOM_1830__2_Nephi_24,2_Nephi_24,2 Nephi,24,MP-3,BOM,MP-3,MP-3_1Nephi_to_WordsOfMormon,32,FALSE,TRUE,FALSE,FALSE,FALSE,TRUE
BOM,1830,BOM,BOM_1830,BOM_1830__2_Nephi_25,2_Nephi_25,2 Nephi,25,MP-3,BOM,MP-3,MP-3_1Nephi_to_WordsOfMormon,30,FALSE,TRUE,FALSE,FALSE,FALSE,TRUE
BOM,1830,BOM,BOM_1830,BOM_1830__2_Nephi_26,2_Nephi_26,2 Nephi,26,MP-3,BOM,MP-3,MP-3_1Nephi_to_WordsOfMormon,33,FALSE,TRUE,FALSE,FALSE,FALSE,TRUE
BOM,1830,BOM,BOM_1830,BOM_1830__2_Nephi_27,2_Nephi_27,2 Nephi,27,MP-3,BOM,MP-3,MP-3_1Nephi_to_WordsOfMormon,35,FALSE,TRUE,FALSE,FALSE,FALSE,TRUE
BOM,1830,BOM,BOM_1830,BOM_1830__2_Nephi_28,2_Nephi_28,2 Nephi,28,MP-3,BOM,MP-3,MP-3_1Nephi_to_WordsOfMormon,32,FALSE,TRUE,FALSE,FALSE,FALSE,TRUE
BOM,1830,BOM,BOM_1830,BOM_1830__2_Nephi_29,2_Nephi_29,2 Nephi,29,MP-3,BOM,MP-3,MP-3_1Nephi_to_WordsOfMormon,14,FALSE,TRUE,FALSE,FALSE,FALSE,TRUE
BOM,1830,BOM,BOM_1830,BOM_1830__2_Nephi_30,2_Nephi_30,2 Nephi,30,MP-3,BOM,MP-3,MP-3_1Nephi_to_WordsOfMormon,18,FALSE,TRUE,FALSE,FALSE,FALSE,TRUE
BOM,1830,BOM,BOM_1830,BOM_1830__2_Nephi_31,2_Nephi_31,2 Nephi,31,MP-3,BOM,MP-3,MP-3_1Nephi_to_WordsOfMormon,21,FALSE,TRUE,FALSE,FALSE,FALSE,TRUE
BOM,1830,BOM,BOM_1830,BOM_1830__2_Nephi_32,2_Nephi_32,2 Nephi,32,MP-3,BOM,MP-3,MP-3_1Nephi_to_WordsOfMormon,9,FALSE,TRUE,FALSE,FALSE,FALSE,TRUE
BOM,1830,BOM,BOM_1830,BOM_1830__2_Nephi_33,2_Nephi_33,2 Nephi,33,MP-3,BOM,MP-3,MP-3_1Nephi_to_WordsOfMormon,15,FALSE,TRUE,FALSE,FALSE,FALSE,TRUE
BOM,1830,BOM,BOM_1830,BOM_1830__3_Nephi_1,3_Nephi_1,3 Nephi,1,MP-2,BOM,MP-2,MP-2_3Nephi_to_Moroni,30,FALSE,TRUE,FALSE,FALSE,TRUE,FALSE
BOM,1830,BOM,BOM_1830,BOM_1830__3_Nephi_2,3_Nephi_2,3 Nephi,2,MP-2,BOM,MP-2,MP-2_3Nephi_to_Moroni,19,FALSE,TRUE,FALSE,FALSE,TRUE,FALSE
BOM,1830,BOM,BOM_1830,BOM_1830__3_Nephi_3,3_Nephi_3,3 Nephi,3,MP-2,BOM,MP-2,MP-2_3Nephi_to_Moroni,26,FALSE,TRUE,FALSE,FALSE,TRUE,FALSE
BOM,1830,BOM,BOM_1830,BOM_1830__3_Nephi_4,3_Nephi_4,3 Nephi,4,MP-2,BOM,MP-2,MP-2_3Nephi_to_Moroni,33,FALSE,TRUE,FALSE,FALSE,TRUE,FALSE
BOM,1830,BOM,BOM_1830,BOM_1830__3_Nephi_5,3_Nephi_5,3 Nephi,5,MP-2,BOM,MP-2,MP-2_3Nephi_to_Moroni,26,FALSE,TRUE,FALSE,FALSE,TRUE,FALSE
BOM,1830,BOM,BOM_1830,BOM_1830__3_Nephi_6,3_Nephi_6,3 Nephi,6,MP-2,BOM,MP-2,MP-2_3Nephi_to_Moroni,30,FALSE,TRUE,FALSE,FALSE,TRUE,FALSE
BOM,1830,BOM,BOM_1830,BOM_1830__3_Nephi_7,3_Nephi_7,3 Nephi,7,MP-2,BOM,MP-2,MP-2_3Nephi_to_Moroni,26,FALSE,TRUE,FALSE,FALSE,TRUE,FALSE
BOM,1830,BOM,BOM_1830,BOM_1830__3_Nephi_8,3_Nephi_8,3 Nephi,8,MP-2,BOM,MP-2,MP-2_3Nephi_to_Moroni,25,FALSE,TRUE,FALSE,FALSE,TRUE,FALSE
BOM,1830,BOM,BOM_1830,BOM_1830__3_Nephi_9,3_Nephi_9,3 Nephi,9,MP-2,BOM,MP-2,MP-2_3Nephi_to_Moroni,22,FALSE,TRUE,FALSE,FALSE,TRUE,FALSE
BOM,1830,BOM,BOM_1830,BOM_1830__3_Nephi_10,3_Nephi_10,3 Nephi,10,MP-2,BOM,MP-2,MP-2_3Nephi_to_Moroni,19,FALSE,TRUE,FALSE,FALSE,TRUE,FALSE
BOM,1830,BOM,BOM_1830,BOM_1830__3_Nephi_11,3_Nephi_11,3 Nephi,11,MP-2,BOM,MP-2,MP-2_3Nephi_to_Moroni,41,FALSE,TRUE,FALSE,FALSE,TRUE,FALSE
BOM,1830,BOM,BOM_1830,BOM_1830__3_Nephi_12,3_Nephi_12,3 Nephi,12,MP-2,BOM,MP-2,MP-2_3Nephi_to_Moroni,48,FALSE,TRUE,FALSE,FALSE,TRUE,FALSE
BOM,1830,BOM,BOM_1830,BOM_1830__3_Nephi_13,3_Nephi_13,3 Nephi,13,MP-2,BOM,MP-2,MP-2_3Nephi_to_Moroni,34,FALSE,TRUE,FALSE,FALSE,TRUE,FALSE
BOM,1830,BOM,BOM_1830,BOM_1830__3_Nephi_14,3_Nephi_14,3 Nephi,14,MP-2,BOM,MP-2,MP-2_3Nephi_to_Moroni,27,FALSE,TRUE,FALSE,FALSE,TRUE,FALSE
BOM,1830,BOM,BOM_1830,BOM_1830__3_Nephi_15,3_Nephi_15,3 Nephi,15,MP-2,BOM,MP-2,MP-2_3Nephi_to_Moroni,24,FALSE,TRUE,FALSE,FALSE,TRUE,FALSE
BOM,1830,BOM,BOM_1830,BOM_1830__3_Nephi_16,3_Nephi_16,3 Nephi,16,MP-2,BOM,MP-2,MP-2_3Nephi_to_Moroni,20,FALSE,TRUE,FALSE,FALSE,TRUE,FALSE
BOM,1830,BOM,BOM_1830,BOM_1830__3_Nephi_17,3_Nephi_17,3 Nephi,17,MP-2,BOM,MP-2,MP-2_3Nephi_to_Moroni,25,FALSE,TRUE,FALSE,FALSE,TRUE,FALSE
BOM,1830,BOM,BOM_1830,BOM_1830__3_Nephi_18,3_Nephi_18,3 Nephi,18,MP-2,BOM,MP-2,MP-2_3Nephi_to_Moroni,39,FALSE,TRUE,FALSE,FALSE,TRUE,FALSE
BOM,1830,BOM,BOM_1830,BOM_1830__3_Nephi_19,3_Nephi_19,3 Nephi,19,MP-2,BOM,MP-2,MP-2_3Nephi_to_Moroni,36,FALSE,TRUE,FALSE,FALSE,TRUE,FALSE
BOM,1830,BOM,BOM_1830,BOM_1830__3_Nephi_20,3_Nephi_20,3 Nephi,20,MP-2,BOM,MP-2,MP-2_3Nephi_to_Moroni,46,FALSE,TRUE,FALSE,FALSE,TRUE,FALSE
BOM,1830,BOM,BOM_1830,BOM_1830__3_Nephi_21,3_Nephi_21,3 Nephi,21,MP-2,BOM,MP-2,MP-2_3Nephi_to_Moroni,29,FALSE,TRUE,FALSE,FALSE,TRUE,FALSE
BOM,1830,BOM,BOM_1830,BOM_1830__3_Nephi_22,3_Nephi_22,3 Nephi,22,MP-2,BOM,MP-2,MP-2_3Nephi_to_Moroni,17,FALSE,TRUE,FALSE,FALSE,TRUE,FALSE
BOM,1830,BOM,BOM_1830,BOM_1830__3_Nephi_23,3_Nephi_23,3 Nephi,23,MP-2,BOM,MP-2,MP-2_3Nephi_to_Moroni,14,FALSE,TRUE,FALSE,FALSE,TRUE,FALSE
BOM,1830,BOM,BOM_1830,BOM_1830__3_Nephi_24,3_Nephi_24,3 Nephi,24,MP-2,BOM,MP-2,MP-2_3Nephi_to_Moroni,18,FALSE,TRUE,FALSE,FALSE,TRUE,FALSE
BOM,1830,BOM,BOM_1830,BOM_1830__3_Nephi_25,3_Nephi_25,3 Nephi,25,MP-2,BOM,MP-2,MP-2_3Nephi_to_Moroni,6,FALSE,TRUE,FALSE,FALSE,TRUE,FALSE
BOM,1830,BOM,BOM_1830,BOM_1830__3_Nephi_26,3_Nephi_26,3 Nephi,26,MP-2,BOM,MP-2,MP-2_3Nephi_to_Moroni,21,FALSE,TRUE,FALSE,FALSE,TRUE,FALSE
BOM,1830,BOM,BOM_1830,BOM_1830__3_Nephi_27,3_Nephi_27,3 Nephi,27,MP-2,BOM,MP-2,MP-2_3Nephi_to_Moroni,33,FALSE,TRUE,FALSE,FALSE,TRUE,FALSE
BOM,1830,BOM,BOM_1830,BOM_1830__3_Nephi_28,3_Nephi_28,3 Nephi,28,MP-2,BOM,MP-2,MP-2_3Nephi_to_Moroni,40,FALSE,TRUE,FALSE,FALSE,TRUE,FALSE
BOM,1830,BOM,BOM_1830,BOM_1830__3_Nephi_29,3_Nephi_29,3 Nephi,29,MP-2,BOM,MP-2,MP-2_3Nephi_to_Moroni,9,FALSE,TRUE,FALSE,FALSE,TRUE,FALSE
BOM,1830,BOM,BOM_1830,BOM_1830__3_Nephi_30,3_Nephi_30,3 Nephi,30,MP-2,BOM,MP-2,MP-2_3Nephi_to_Moroni,2,FALSE,TRUE,FALSE,FALSE,TRUE,FALSE
BOM,1830,BOM,BOM_1830,BOM_1830__4_Nephi_1,4_Nephi_1,4 Nephi,1,MP-2,BOM,MP-2,MP-2_3Nephi_to_Moroni,49,FALSE,TRUE,FALSE,FALSE,TRUE,FALSE
BOM,1830,BOM,BOM_1830,BOM_1830__Alma_1,Alma_1,Alma,1,MP-1,BOM,MP-1,MP-1_Mosiah_Alma_Helaman,33,FALSE,TRUE,FALSE,TRUE,FALSE,FALSE
BOM,1830,BOM,BOM_1830,BOM_1830__Alma_2,Alma_2,Alma,2,MP-1,BOM,MP-1,MP-1_Mosiah_Alma_Helaman,38,FALSE,TRUE,FALSE,TRUE,FALSE,FALSE
BOM,1830,BOM,BOM_1830,BOM_1830__Alma_3,Alma_3,Alma,3,MP-1,BOM,MP-1,MP-1_Mosiah_Alma_Helaman,27,FALSE,TRUE,FALSE,TRUE,FALSE,FALSE
BOM,1830,BOM,BOM_1830,BOM_1830__Alma_4,Alma_4,Alma,4,MP-1,BOM,MP-1,MP-1_Mosiah_Alma_Helaman,20,FALSE,TRUE,FALSE,TRUE,FALSE,FALSE
BOM,1830,BOM,BOM_1830,BOM_1830__Alma_5,Alma_5,Alma,5,MP-1,BOM,MP-1,MP-1_Mosiah_Alma_Helaman,62,FALSE,TRUE,FALSE,TRUE,FALSE,FALSE
BOM,1830,BOM,BOM_1830,BOM_1830__Alma_6,Alma_6,Alma,6,MP-1,BOM,MP-1,MP-1_Mosiah_Alma_Helaman,8,FALSE,TRUE,FALSE,TRUE,FALSE,FALSE
BOM,1830,BOM,BOM_1830,BOM_1830__Alma_7,Alma_7,Alma,7,MP-1,BOM,MP-1,MP-1_Mosiah_Alma_Helaman,27,FALSE,TRUE,FALSE,TRUE,FALSE,FALSE
BOM,1830,BOM,BOM_1830,BOM_1830__Alma_8,Alma_8,Alma,8,MP-1,BOM,MP-1,MP-1_Mosiah_Alma_Helaman,32,FALSE,TRUE,FALSE,TRUE,FALSE,FALSE
BOM,1830,BOM,BOM_1830,BOM_1830__Alma_9,Alma_9,Alma,9,MP-1,BOM,MP-1,MP-1_Mosiah_Alma_Helaman,34,FALSE,TRUE,FALSE,TRUE,FALSE,FALSE
BOM,1830,BOM,BOM_1830,BOM_1830__Alma_10,Alma_10,Alma,10,MP-1,BOM,MP-1,MP-1_Mosiah_Alma_Helaman,32,FALSE,TRUE,FALSE,TRUE,FALSE,FALSE
BOM,1830,BOM,BOM_1830,BOM_1830__Alma_11,Alma_11,Alma,11,MP-1,BOM,MP-1,MP-1_Mosiah_Alma_Helaman,46,FALSE,TRUE,FALSE,TRUE,FALSE,FALSE
BOM,1830,BOM,BOM_1830,BOM_1830__Alma_12,Alma_12,Alma,12,MP-1,BOM,MP-1,MP-1_Mosiah_Alma_Helaman,37,FALSE,TRUE,FALSE,TRUE,FALSE,FALSE
BOM,1830,BOM,BOM_1830,BOM_1830__Alma_13,Alma_13,Alma,13,MP-1,BOM,MP-1,MP-1_Mosiah_Alma_Helaman,31,FALSE,TRUE,FALSE,TRUE,FALSE,FALSE
BOM,1830,BOM,BOM_1830,BOM_1830__Alma_14,Alma_14,Alma,14,MP-1,BOM,MP-1,MP-1_Mosiah_Alma_Helaman,29,FALSE,TRUE,FALSE,TRUE,FALSE,FALSE
BOM,1830,BOM,BOM_1830,BOM_1830__Alma_15,Alma_15,Alma,15,MP-1,BOM,MP-1,MP-1_Mosiah_Alma_Helaman,19,FALSE,TRUE,FALSE,TRUE,FALSE,FALSE
BOM,1830,BOM,BOM_1830,BOM_1830__Alma_16,Alma_16,Alma,16,MP-1,BOM,MP-1,MP-1_Mosiah_Alma_Helaman,21,FALSE,TRUE,FALSE,TRUE,FALSE,FALSE
BOM,1830,BOM,BOM_1830,BOM_1830__Alma_17,Alma_17,Alma,17,MP-1,BOM,MP-1,MP-1_Mosiah_Alma_Helaman,39,FALSE,TRUE,FALSE,TRUE,FALSE,FALSE
BOM,1830,BOM,BOM_1830,BOM_1830__Alma_18,Alma_18,Alma,18,MP-1,BOM,MP-1,MP-1_Mosiah_Alma_Helaman,43,FALSE,TRUE,FALSE,TRUE,FALSE,FALSE
BOM,1830,BOM,BOM_1830,BOM_1830__Alma_19,Alma_19,Alma,19,MP-1,BOM,MP-1,MP-1_Mosiah_Alma_Helaman,36,FALSE,TRUE,FALSE,TRUE,FALSE,FALSE
BOM,1830,BOM,BOM_1830,BOM_1830__Alma_20,Alma_20,Alma,20,MP-1,BOM,MP-1,MP-1_Mosiah_Alma_Helaman,30,FALSE,TRUE,FALSE,TRUE,FALSE,FALSE
BOM,1830,BOM,BOM_1830,BOM_1830__Alma_21,Alma_21,Alma,21,MP-1,BOM,MP-1,MP-1_Mosiah_Alma_Helaman,23,FALSE,TRUE,FALSE,TRUE,FALSE,FALSE
BOM,1830,BOM,BOM_1830,BOM_1830__Alma_22,Alma_22,Alma,22,MP-1,BOM,MP-1,MP-1_Mosiah_Alma_Helaman,35,FALSE,TRUE,FALSE,TRUE,FALSE,FALSE
BOM,1830,BOM,BOM_1830,BOM_1830__Alma_23,Alma_23,Alma,23,MP-1,BOM,MP-1,MP-1_Mosiah_Alma_Helaman,18,FALSE,TRUE,FALSE,TRUE,FALSE,FALSE
BOM,1830,BOM,BOM_1830,BOM_1830__Alma_24,Alma_24,Alma,24,MP-1,BOM,MP-1,MP-1_Mosiah_Alma_Helaman,30,FALSE,TRUE,FALSE,TRUE,FALSE,FALSE
BOM,1830,BOM,BOM_1830,BOM_1830__Alma_25,Alma_25,Alma,25,MP-1,BOM,MP-1,MP-1_Mosiah_Alma_Helaman,17,FALSE,TRUE,FALSE,TRUE,FALSE,FALSE
BOM,1830,BOM,BOM_1830,BOM_1830__Alma_26,Alma_26,Alma,26,MP-1,BOM,MP-1,MP-1_Mosiah_Alma_Helaman,37,FALSE,TRUE,FALSE,TRUE,FALSE,FALSE
BOM,1830,BOM,BOM_1830,BOM_1830__Alma_27,Alma_27,Alma,27,MP-1,BOM,MP-1,MP-1_Mosiah_Alma_Helaman,30,FALSE,TRUE,FALSE,TRUE,FALSE,FALSE
BOM,1830,BOM,BOM_1830,BOM_1830__Alma_28,Alma_28,Alma,28,MP-1,BOM,MP-1,MP-1_Mosiah_Alma_Helaman,14,FALSE,TRUE,FALSE,TRUE,FALSE,FALSE
BOM,1830,BOM,BOM_1830,BOM_1830__Alma_29,Alma_29,Alma,29,MP-1,BOM,MP-1,MP-1_Mosiah_Alma_Helaman,17,FALSE,TRUE,FALSE,TRUE,FALSE,FALSE
BOM,1830,BOM,BOM_1830,BOM_1830__Alma_30,Alma_30,Alma,30,MP-1,BOM,MP-1,MP-1_Mosiah_Alma_Helaman,60,FALSE,TRUE,FALSE,TRUE,FALSE,FALSE
BOM,1830,BOM,BOM_1830,BOM_1830__Alma_31,Alma_31,Alma,31,MP-1,BOM,MP-1,MP-1_Mosiah_Alma_Helaman,38,FALSE,TRUE,FALSE,TRUE,FALSE,FALSE
BOM,1830,BOM,BOM_1830,BOM_1830__Alma_32,Alma_32,Alma,32,MP-1,BOM,MP-1,MP-1_Mosiah_Alma_Helaman,43,FALSE,TRUE,FALSE,TRUE,FALSE,FALSE
BOM,1830,BOM,BOM_1830,BOM_1830__Alma_33,Alma_33,Alma,33,MP-1,BOM,MP-1,MP-1_Mosiah_Alma_Helaman,23,FALSE,TRUE,FALSE,TRUE,FALSE,FALSE
BOM,1830,BOM,BOM_1830,BOM_1830__Alma_34,Alma_34,Alma,34,MP-1,BOM,MP-1,MP-1_Mosiah_Alma_Helaman,41,FALSE,TRUE,FALSE,TRUE,FALSE,FALSE
BOM,1830,BOM,BOM_1830,BOM_1830__Alma_35,Alma_35,Alma,35,MP-1,BOM,MP-1,MP-1_Mosiah_Alma_Helaman,16,FALSE,TRUE,FALSE,TRUE,FALSE,FALSE
BOM,1830,BOM,BOM_1830,BOM_1830__Alma_36,Alma_36,Alma,36,MP-1,BOM,MP-1,MP-1_Mosiah_Alma_Helaman,30,FALSE,TRUE,FALSE,TRUE,FALSE,FALSE
BOM,1830,BOM,BOM_1830,BOM_1830__Alma_37,Alma_37,Alma,37,MP-1,BOM,MP-1,MP-1_Mosiah_Alma_Helaman,47,FALSE,TRUE,FALSE,TRUE,FALSE,FALSE
BOM,1830,BOM,BOM_1830,BOM_1830__Alma_38,Alma_38,Alma,38,MP-1,BOM,MP-1,MP-1_Mosiah_Alma_Helaman,15,FALSE,TRUE,FALSE,TRUE,FALSE,FALSE
BOM,1830,BOM,BOM_1830,BOM_1830__Alma_39,Alma_39,Alma,39,MP-1,BOM,MP-1,MP-1_Mosiah_Alma_Helaman,19,FALSE,TRUE,FALSE,TRUE,FALSE,FALSE
BOM,1830,BOM,BOM_1830,BOM_1830__Alma_40,Alma_40,Alma,40,MP-1,BOM,MP-1,MP-1_Mosiah_Alma_Helaman,26,FALSE,TRUE,FALSE,TRUE,FALSE,FALSE
BOM,1830,BOM,BOM_1830,BOM_1830__Alma_41,Alma_41,Alma,41,MP-1,BOM,MP-1,MP-1_Mosiah_Alma_Helaman,15,FALSE,TRUE,FALSE,TRUE,FALSE,FALSE
BOM,1830,BOM,BOM_1830,BOM_1830__Alma_42,Alma_42,Alma,42,MP-1,BOM,MP-1,MP-1_Mosiah_Alma_Helaman,31,FALSE,TRUE,FALSE,TRUE,FALSE,FALSE
BOM,1830,BOM,BOM_1830,BOM_1830__Alma_43,Alma_43,Alma,43,MP-1,BOM,MP-1,MP-1_Mosiah_Alma_Helaman,54,FALSE,TRUE,FALSE,TRUE,FALSE,FALSE
BOM,1830,BOM,BOM_1830,BOM_1830__Alma_44,Alma_44,Alma,44,MP-1,BOM,MP-1,MP-1_Mosiah_Alma_Helaman,24,FALSE,TRUE,FALSE,TRUE,FALSE,FALSE
BOM,1830,BOM,BOM_1830,BOM_1830__Alma_45,Alma_45,Alma,45,MP-1,BOM,MP-1,MP-1_Mosiah_Alma_Helaman,24,FALSE,TRUE,FALSE,TRUE,FALSE,FALSE
BOM,1830,BOM,BOM_1830,BOM_1830__Alma_46,Alma_46,Alma,46,MP-1,BOM,MP-1,MP-1_Mosiah_Alma_Helaman,41,FALSE,TRUE,FALSE,TRUE,FALSE,FALSE
BOM,1830,BOM,BOM_1830,BOM_1830__Alma_47,Alma_47,Alma,47,MP-1,BOM,MP-1,MP-1_Mosiah_Alma_Helaman,36,FALSE,TRUE,FALSE,TRUE,FALSE,FALSE
BOM,1830,BOM,BOM_1830,BOM_1830__Alma_48,Alma_48,Alma,48,MP-1,BOM,MP-1,MP-1_Mosiah_Alma_Helaman,25,FALSE,TRUE,FALSE,TRUE,FALSE,FALSE
BOM,1830,BOM,BOM_1830,BOM_1830__Alma_49,Alma_49,Alma,49,MP-1,BOM,MP-1,MP-1_Mosiah_Alma_Helaman,30,FALSE,TRUE,FALSE,TRUE,FALSE,FALSE
BOM,1830,BOM,BOM_1830,BOM_1830__Alma_50,Alma_50,Alma,50,MP-1,BOM,MP-1,MP-1_Mosiah_Alma_Helaman,40,FALSE,TRUE,FALSE,TRUE,FALSE,FALSE
BOM,1830,BOM,BOM_1830,BOM_1830__Alma_51,Alma_51,Alma,51,MP-1,BOM,MP-1,MP-1_Mosiah_Alma_Helaman,37,FALSE,TRUE,FALSE,TRUE,FALSE,FALSE
BOM,1830,BOM,BOM_1830,BOM_1830__Alma_52,Alma_52,Alma,52,MP-1,BOM,MP-1,MP-1_Mosiah_Alma_Helaman,40,FALSE,TRUE,FALSE,TRUE,FALSE,FALSE
BOM,1830,BOM,BOM_1830,BOM_1830__Alma_53,Alma_53,Alma,53,MP-1,BOM,MP-1,MP-1_Mosiah_Alma_Helaman,23,FALSE,TRUE,FALSE,TRUE,FALSE,FALSE
BOM,1830,BOM,BOM_1830,BOM_1830__Alma_54,Alma_54,Alma,54,MP-1,BOM,MP-1,MP-1_Mosiah_Alma_Helaman,24,FALSE,TRUE,FALSE,TRUE,FALSE,FALSE
BOM,1830,BOM,BOM_1830,BOM_1830__Alma_55,Alma_55,Alma,55,MP-1,BOM,MP-1,MP-1_Mosiah_Alma_Helaman,35,FALSE,TRUE,FALSE,TRUE,FALSE,FALSE
BOM,1830,BOM,BOM_1830,BOM_1830__Alma_56,Alma_56,Alma,56,MP-1,BOM,MP-1,MP-1_Mosiah_Alma_Helaman,57,FALSE,TRUE,FALSE,TRUE,FALSE,FALSE
BOM,1830,BOM,BOM_1830,BOM_1830__Alma_57,Alma_57,Alma,57,MP-1,BOM,MP-1,MP-1_Mosiah_Alma_Helaman,36,FALSE,TRUE,FALSE,TRUE,FALSE,FALSE
BOM,1830,BOM,BOM_1830,BOM_1830__Alma_58,Alma_58,Alma,58,MP-1,BOM,MP-1,MP-1_Mosiah_Alma_Helaman,41,FALSE,TRUE,FALSE,TRUE,FALSE,FALSE
BOM,1830,BOM,BOM_1830,BOM_1830__Alma_59,Alma_59,Alma,59,MP-1,BOM,MP-1,MP-1_Mosiah_Alma_Helaman,13,FALSE,TRUE,FALSE,TRUE,FALSE,FALSE
BOM,1830,BOM,BOM_1830,BOM_1830__Alma_60,Alma_60,Alma,60,MP-1,BOM,MP-1,MP-1_Mosiah_Alma_Helaman,36,FALSE,TRUE,FALSE,TRUE,FALSE,FALSE
BOM,1830,BOM,BOM_1830,BOM_1830__Alma_61,Alma_61,Alma,61,MP-1,BOM,MP-1,MP-1_Mosiah_Alma_Helaman,21,FALSE,TRUE,FALSE,TRUE,FALSE,FALSE
BOM,1830,BOM,BOM_1830,BOM_1830__Alma_62,Alma_62,Alma,62,MP-1,BOM,MP-1,MP-1_Mosiah_Alma_Helaman,52,FALSE,TRUE,FALSE,TRUE,FALSE,FALSE
BOM,1830,BOM,BOM_1830,BOM_1830__Alma_63,Alma_63,Alma,63,MP-1,BOM,MP-1,MP-1_Mosiah_Alma_Helaman,17,FALSE,TRUE,FALSE,TRUE,FALSE,FALSE
BOM,1830,BOM,BOM_1830,BOM_1830__Enos_1,Enos_1,Enos,1,MP-3,BOM,MP-3,MP-3_1Nephi_to_WordsOfMormon,27,FALSE,TRUE,FALSE,FALSE,FALSE,TRUE
BOM,1830,BOM,BOM_1830,BOM_1830__Ether_1,Ether_1,Ether,1,MP-2,BOM,MP-2,MP-2_3Nephi_to_Moroni,43,FALSE,TRUE,FALSE,FALSE,TRUE,FALSE
BOM,1830,BOM,BOM_1830,BOM_1830__Ether_2,Ether_2,Ether,2,MP-2,BOM,MP-2,MP-2_3Nephi_to_Moroni,25,FALSE,TRUE,FALSE,FALSE,TRUE,FALSE
BOM,1830,BOM,BOM_1830,BOM_1830__Ether_3,Ether_3,Ether,3,MP-2,BOM,MP-2,MP-2_3Nephi_to_Moroni,28,FALSE,TRUE,FALSE,FALSE,TRUE,FALSE
BOM,1830,BOM,BOM_1830,BOM_1830__Ether_4,Ether_4,Ether,4,MP-2,BOM,MP-2,MP-2_3Nephi_to_Moroni,19,FALSE,TRUE,FALSE,FALSE,TRUE,FALSE
BOM,1830,BOM,BOM_1830,BOM_1830__Ether_5,Ether_5,Ether,5,MP-2,BOM,MP-2,MP-2_3Nephi_to_Moroni,6,FALSE,TRUE,FALSE,FALSE,TRUE,FALSE
BOM,1830,BOM,BOM_1830,BOM_1830__Ether_6,Ether_6,Ether,6,MP-2,BOM,MP-2,MP-2_3Nephi_to_Moroni,30,FALSE,TRUE,FALSE,FALSE,TRUE,FALSE
BOM,1830,BOM,BOM_1830,BOM_1830__Ether_7,Ether_7,Ether,7,MP-2,BOM,MP-2,MP-2_3Nephi_to_Moroni,27,FALSE,TRUE,FALSE,FALSE,TRUE,FALSE
BOM,1830,BOM,BOM_1830,BOM_1830__Ether_8,Ether_8,Ether,8,MP-2,BOM,MP-2,MP-2_3Nephi_to_Moroni,26,FALSE,TRUE,FALSE,FALSE,TRUE,FALSE
BOM,1830,BOM,BOM_1830,BOM_1830__Ether_9,Ether_9,Ether,9,MP-2,BOM,MP-2,MP-2_3Nephi_to_Moroni,35,FALSE,TRUE,FALSE,FALSE,TRUE,FALSE
BOM,1830,BOM,BOM_1830,BOM_1830__Ether_10,Ether_10,Ether,10,MP-2,BOM,MP-2,MP-2_3Nephi_to_Moroni,34,FALSE,TRUE,FALSE,FALSE,TRUE,FALSE
BOM,1830,BOM,BOM_1830,BOM_1830__Ether_11,Ether_11,Ether,11,MP-2,BOM,MP-2,MP-2_3Nephi_to_Moroni,23,FALSE,TRUE,FALSE,FALSE,TRUE,FALSE
BOM,1830,BOM,BOM_1830,BOM_1830__Ether_12,Ether_12,Ether,12,MP-2,BOM,MP-2,MP-2_3Nephi_to_Moroni,41,FALSE,TRUE,FALSE,FALSE,TRUE,FALSE
BOM,1830,BOM,BOM_1830,BOM_1830__Ether_13,Ether_13,Ether,13,MP-2,BOM,MP-2,MP-2_3Nephi_to_Moroni,31,FALSE,TRUE,FALSE,FALSE,TRUE,FALSE
BOM,1830,BOM,BOM_1830,BOM_1830__Ether_14,Ether_14,Ether,14,MP-2,BOM,MP-2,MP-2_3Nephi_to_Moroni,31,FALSE,TRUE,FALSE,FALSE,TRUE,FALSE
BOM,1830,BOM,BOM_1830,BOM_1830__Ether_15,Ether_15,Ether,15,MP-2,BOM,MP-2,MP-2_3Nephi_to_Moroni,34,FALSE,TRUE,FALSE,FALSE,TRUE,FALSE
BOM,1830,BOM,BOM_1830,BOM_1830__Helaman_1,Helaman_1,Helaman,1,MP-1,BOM,MP-1,MP-1_Mosiah_Alma_Helaman,34,FALSE,TRUE,FALSE,TRUE,FALSE,FALSE
BOM,1830,BOM,BOM_1830,BOM_1830__Helaman_2,Helaman_2,Helaman,2,MP-1,BOM,MP-1,MP-1_Mosiah_Alma_Helaman,14,FALSE,TRUE,FALSE,TRUE,FALSE,FALSE
BOM,1830,BOM,BOM_1830,BOM_1830__Helaman_3,Helaman_3,Helaman,3,MP-1,BOM,MP-1,MP-1_Mosiah_Alma_Helaman,37,FALSE,TRUE,FALSE,TRUE,FALSE,FALSE
BOM,1830,BOM,BOM_1830,BOM_1830__Helaman_4,Helaman_4,Helaman,4,MP-1,BOM,MP-1,MP-1_Mosiah_Alma_Helaman,26,FALSE,TRUE,FALSE,TRUE,FALSE,FALSE
BOM,1830,BOM,BOM_1830,BOM_1830__Helaman_5,Helaman_5,Helaman,5,MP-1,BOM,MP-1,MP-1_Mosiah_Alma_Helaman,52,FALSE,TRUE,FALSE,TRUE,FALSE,FALSE
BOM,1830,BOM,BOM_1830,BOM_1830__Helaman_6,Helaman_6,Helaman,6,MP-1,BOM,MP-1,MP-1_Mosiah_Alma_Helaman,41,FALSE,TRUE,FALSE,TRUE,FALSE,FALSE
BOM,1830,BOM,BOM_1830,BOM_1830__Helaman_7,Helaman_7,Helaman,7,MP-1,BOM,MP-1,MP-1_Mosiah_Alma_Helaman,29,FALSE,TRUE,FALSE,TRUE,FALSE,FALSE
BOM,1830,BOM,BOM_1830,BOM_1830__Helaman_8,Helaman_8,Helaman,8,MP-1,BOM,MP-1,MP-1_Mosiah_Alma_Helaman,28,FALSE,TRUE,FALSE,TRUE,FALSE,FALSE
BOM,1830,BOM,BOM_1830,BOM_1830__Helaman_9,Helaman_9,Helaman,9,MP-1,BOM,MP-1,MP-1_Mosiah_Alma_Helaman,41,FALSE,TRUE,FALSE,TRUE,FALSE,FALSE
BOM,1830,BOM,BOM_1830,BOM_1830__Helaman_10,Helaman_10,Helaman,10,MP-1,BOM,MP-1,MP-1_Mosiah_Alma_Helaman,19,FALSE,TRUE,FALSE,TRUE,FALSE,FALSE
BOM,1830,BOM,BOM_1830,BOM_1830__Helaman_11,Helaman_11,Helaman,11,MP-1,BOM,MP-1,MP-1_Mosiah_Alma_Helaman,38,FALSE,TRUE,FALSE,TRUE,FALSE,FALSE
BOM,1830,BOM,BOM_1830,BOM_1830__Helaman_12,Helaman_12,Helaman,12,MP-1,BOM,MP-1,MP-1_Mosiah_Alma_Helaman,26,FALSE,TRUE,FALSE,TRUE,FALSE,FALSE
BOM,1830,BOM,BOM_1830,BOM_1830__Helaman_13,Helaman_13,Helaman,13,MP-1,BOM,MP-1,MP-1_Mosiah_Alma_Helaman,39,FALSE,TRUE,FALSE,TRUE,FALSE,FALSE
BOM,1830,BOM,BOM_1830,BOM_1830__Helaman_14,Helaman_14,Helaman,14,MP-1,BOM,MP-1,MP-1_Mosiah_Alma_Helaman,31,FALSE,TRUE,FALSE,TRUE,FALSE,FALSE
BOM,1830,BOM,BOM_1830,BOM_1830__Helaman_15,Helaman_15,Helaman,15,MP-1,BOM,MP-1,MP-1_Mosiah_Alma_Helaman,17,FALSE,TRUE,FALSE,TRUE,FALSE,FALSE
BOM,1830,BOM,BOM_1830,BOM_1830__Helaman_16,Helaman_16,Helaman,16,MP-1,BOM,MP-1,MP-1_Mosiah_Alma_Helaman,25,FALSE,TRUE,FALSE,TRUE,FALSE,FALSE
BOM,1830,BOM,BOM_1830,BOM_1830__Jacob_1,Jacob_1,Jacob,1,MP-3,BOM,MP-3,MP-3_1Nephi_to_WordsOfMormon,19,FALSE,TRUE,FALSE,FALSE,FALSE,TRUE
BOM,1830,BOM,BOM_1830,BOM_1830__Jacob_2,Jacob_2,Jacob,2,MP-3,BOM,MP-3,MP-3_1Nephi_to_WordsOfMormon,35,FALSE,TRUE,FALSE,FALSE,FALSE,TRUE
BOM,1830,BOM,BOM_1830,BOM_1830__Jacob_3,Jacob_3,Jacob,3,MP-3,BOM,MP-3,MP-3_1Nephi_to_WordsOfMormon,14,FALSE,TRUE,FALSE,FALSE,FALSE,TRUE
BOM,1830,BOM,BOM_1830,BOM_1830__Jacob_4,Jacob_4,Jacob,4,MP-3,BOM,MP-3,MP-3_1Nephi_to_WordsOfMormon,18,FALSE,TRUE,FALSE,FALSE,FALSE,TRUE
BOM,1830,BOM,BOM_1830,BOM_1830__Jacob_5,Jacob_5,Jacob,5,MP-3,BOM,MP-3,MP-3_1Nephi_to_WordsOfMormon,77,FALSE,TRUE,FALSE,FALSE,FALSE,TRUE
BOM,1830,BOM,BOM_1830,BOM_1830__Jacob_6,Jacob_6,Jacob,6,MP-3,BOM,MP-3,MP-3_1Nephi_to_WordsOfMormon,13,FALSE,TRUE,FALSE,FALSE,FALSE,TRUE
BOM,1830,BOM,BOM_1830,BOM_1830__Jacob_7,Jacob_7,Jacob,7,MP-3,BOM,MP-3,MP-3_1Nephi_to_WordsOfMormon,27,FALSE,TRUE,FALSE,FALSE,FALSE,TRUE
BOM,1830,BOM,BOM_1830,BOM_1830__Jarom_1,Jarom_1,Jarom,1,MP-3,BOM,MP-3,MP-3_1Nephi_to_WordsOfMormon,15,FALSE,TRUE,FALSE,FALSE,FALSE,TRUE
BOM,1830,BOM,BOM_1830,BOM_1830__Mormon_1,Mormon_1,Mormon,1,MP-2,BOM,MP-2,MP-2_3Nephi_to_Moroni,19,FALSE,TRUE,FALSE,FALSE,TRUE,FALSE
BOM,1830,BOM,BOM_1830,BOM_1830__Mormon_2,Mormon_2,Mormon,2,MP-2,BOM,MP-2,MP-2_3Nephi_to_Moroni,29,FALSE,TRUE,FALSE,FALSE,TRUE,FALSE
BOM,1830,BOM,BOM_1830,BOM_1830__Mormon_3,Mormon_3,Mormon,3,MP-2,BOM,MP-2,MP-2_3Nephi_to_Moroni,22,FALSE,TRUE,FALSE,FALSE,TRUE,FALSE
BOM,1830,BOM,BOM_1830,BOM_1830__Mormon_4,Mormon_4,Mormon,4,MP-2,BOM,MP-2,MP-2_3Nephi_to_Moroni,23,FALSE,TRUE,FALSE,FALSE,TRUE,FALSE
BOM,1830,BOM,BOM_1830,BOM_1830__Mormon_5,Mormon_5,Mormon,5,MP-2,BOM,MP-2,MP-2_3Nephi_to_Moroni,24,FALSE,TRUE,FALSE,FALSE,TRUE,FALSE
BOM,1830,BOM,BOM_1830,BOM_1830__Mormon_6,Mormon_6,Mormon,6,MP-2,BOM,MP-2,MP-2_3Nephi_to_Moroni,22,FALSE,TRUE,FALSE,FALSE,TRUE,FALSE
BOM,1830,BOM,BOM_1830,BOM_1830__Mormon_7,Mormon_7,Mormon,7,MP-2,BOM,MP-2,MP-2_3Nephi_to_Moroni,10,FALSE,TRUE,FALSE,FALSE,TRUE,FALSE
BOM,1830,BOM,BOM_1830,BOM_1830__Mormon_8,Mormon_8,Mormon,8,MP-2,BOM,MP-2,MP-2_3Nephi_to_Moroni,41,FALSE,TRUE,FALSE,FALSE,TRUE,FALSE
BOM,1830,BOM,BOM_1830,BOM_1830__Mormon_9,Mormon_9,Mormon,9,MP-2,BOM,MP-2,MP-2_3Nephi_to_Moroni,37,FALSE,TRUE,FALSE,FALSE,TRUE,FALSE
BOM,1830,BOM,BOM_1830,BOM_1830__Moroni_1,Moroni_1,Moroni,1,MP-2,BOM,MP-2,MP-2_3Nephi_to_Moroni,4,FALSE,TRUE,FALSE,FALSE,TRUE,FALSE
BOM,1830,BOM,BOM_1830,BOM_1830__Moroni_2,Moroni_2,Moroni,2,MP-2,BOM,MP-2,MP-2_3Nephi_to_Moroni,3,FALSE,TRUE,FALSE,FALSE,TRUE,FALSE
BOM,1830,BOM,BOM_1830,BOM_1830__Moroni_3,Moroni_3,Moroni,3,MP-2,BOM,MP-2,MP-2_3Nephi_to_Moroni,4,FALSE,TRUE,FALSE,FALSE,TRUE,FALSE
BOM,1830,BOM,BOM_1830,BOM_1830__Moroni_4,Moroni_4,Moroni,4,MP-2,BOM,MP-2,MP-2_3Nephi_to_Moroni,3,FALSE,TRUE,FALSE,FALSE,TRUE,FALSE
BOM,1830,BOM,BOM_1830,BOM_1830__Moroni_5,Moroni_5,Moroni,5,MP-2,BOM,MP-2,MP-2_3Nephi_to_Moroni,2,FALSE,TRUE,FALSE,FALSE,TRUE,FALSE
BOM,1830,BOM,BOM_1830,BOM_1830__Moroni_6,Moroni_6,Moroni,6,MP-2,BOM,MP-2,MP-2_3Nephi_to_Moroni,9,FALSE,TRUE,FALSE,FALSE,TRUE,FALSE
BOM,1830,BOM,BOM_1830,BOM_1830__Moroni_7,Moroni_7,Moroni,7,MP-2,BOM,MP-2,MP-2_3Nephi_to_Moroni,48,FALSE,TRUE,FALSE,FALSE,TRUE,FALSE
BOM,1830,BOM,BOM_1830,BOM_1830__Moroni_8,Moroni_8,Moroni,8,MP-2,BOM,MP-2,MP-2_3Nephi_to_Moroni,30,FALSE,TRUE,FALSE,FALSE,TRUE,FALSE
BOM,1830,BOM,BOM_1830,BOM_1830__Moroni_9,Moroni_9,Moroni,9,MP-2,BOM,MP-2,MP-2_3Nephi_to_Moroni,26,FALSE,TRUE,FALSE,FALSE,TRUE,FALSE
BOM,1830,BOM,BOM_1830,BOM_1830__Moroni_10,Moroni_10,Moroni,10,MP-2,BOM,MP-2,MP-2_3Nephi_to_Moroni,34,FALSE,TRUE,FALSE,FALSE,TRUE,FALSE
BOM,1830,BOM,BOM_1830,BOM_1830__Mosiah_1,Mosiah_1,Mosiah,1,MP-1,BOM,MP-1,MP-1_Mosiah_Alma_Helaman,18,FALSE,TRUE,FALSE,TRUE,FALSE,FALSE
BOM,1830,BOM,BOM_1830,BOM_1830__Mosiah_2,Mosiah_2,Mosiah,2,MP-1,BOM,MP-1,MP-1_Mosiah_Alma_Helaman,41,FALSE,TRUE,FALSE,TRUE,FALSE,FALSE
BOM,1830,BOM,BOM_1830,BOM_1830__Mosiah_3,Mosiah_3,Mosiah,3,MP-1,BOM,MP-1,MP-1_Mosiah_Alma_Helaman,27,FALSE,TRUE,FALSE,TRUE,FALSE,FALSE
BOM,1830,BOM,BOM_1830,BOM_1830__Mosiah_4,Mosiah_4,Mosiah,4,MP-1,BOM,MP-1,MP-1_Mosiah_Alma_Helaman,30,FALSE,TRUE,FALSE,TRUE,FALSE,FALSE
BOM,1830,BOM,BOM_1830,BOM_1830__Mosiah_5,Mosiah_5,Mosiah,5,MP-1,BOM,MP-1,MP-1_Mosiah_Alma_Helaman,15,FALSE,TRUE,FALSE,TRUE,FALSE,FALSE
BOM,1830,BOM,BOM_1830,BOM_1830__Mosiah_6,Mosiah_6,Mosiah,6,MP-1,BOM,MP-1,MP-1_Mosiah_Alma_Helaman,7,FALSE,TRUE,FALSE,TRUE,FALSE,FALSE
BOM,1830,BOM,BOM_1830,BOM_1830__Mosiah_7,Mosiah_7,Mosiah,7,MP-1,BOM,MP-1,MP-1_Mosiah_Alma_Helaman,33,FALSE,TRUE,FALSE,TRUE,FALSE,FALSE
BOM,1830,BOM,BOM_1830,BOM_1830__Mosiah_8,Mosiah_8,Mosiah,8,MP-1,BOM,MP-1,MP-1_Mosiah_Alma_Helaman,21,FALSE,TRUE,FALSE,TRUE,FALSE,FALSE
BOM,1830,BOM,BOM_1830,BOM_1830__Mosiah_9,Mosiah_9,Mosiah,9,MP-1,BOM,MP-1,MP-1_Mosiah_Alma_Helaman,19,FALSE,TRUE,FALSE,TRUE,FALSE,FALSE
BOM,1830,BOM,BOM_1830,BOM_1830__Mosiah_10,Mosiah_10,Mosiah,10,MP-1,BOM,MP-1,MP-1_Mosiah_Alma_Helaman,22,FALSE,TRUE,FALSE,TRUE,FALSE,FALSE
BOM,1830,BOM,BOM_1830,BOM_1830__Mosiah_11,Mosiah_11,Mosiah,11,MP-1,BOM,MP-1,MP-1_Mosiah_Alma_Helaman,29,FALSE,TRUE,FALSE,TRUE,FALSE,FALSE
BOM,1830,BOM,BOM_1830,BOM_1830__Mosiah_12,Mosiah_12,Mosiah,12,MP-1,BOM,MP-1,MP-1_Mosiah_Alma_Helaman,37,FALSE,TRUE,FALSE,TRUE,FALSE,FALSE
BOM,1830,BOM,BOM_1830,BOM_1830__Mosiah_13,Mosiah_13,Mosiah,13,MP-1,BOM,MP-1,MP-1_Mosiah_Alma_Helaman,35,FALSE,TRUE,FALSE,TRUE,FALSE,FALSE
BOM,1830,BOM,BOM_1830,BOM_1830__Mosiah_14,Mosiah_14,Mosiah,14,MP-1,BOM,MP-1,MP-1_Mosiah_Alma_Helaman,12,FALSE,TRUE,FALSE,TRUE,FALSE,FALSE
BOM,1830,BOM,BOM_1830,BOM_1830__Mosiah_15,Mosiah_15,Mosiah,15,MP-1,BOM,MP-1,MP-1_Mosiah_Alma_Helaman,31,FALSE,TRUE,FALSE,TRUE,FALSE,FALSE
BOM,1830,BOM,BOM_1830,BOM_1830__Mosiah_16,Mosiah_16,Mosiah,16,MP-1,BOM,MP-1,MP-1_Mosiah_Alma_Helaman,15,FALSE,TRUE,FALSE,TRUE,FALSE,FALSE
BOM,1830,BOM,BOM_1830,BOM_1830__Mosiah_17,Mosiah_17,Mosiah,17,MP-1,BOM,MP-1,MP-1_Mosiah_Alma_Helaman,20,FALSE,TRUE,FALSE,TRUE,FALSE,FALSE
BOM,1830,BOM,BOM_1830,BOM_1830__Mosiah_18,Mosiah_18,Mosiah,18,MP-1,BOM,MP-1,MP-1_Mosiah_Alma_Helaman,35,FALSE,TRUE,FALSE,TRUE,FALSE,FALSE
BOM,1830,BOM,BOM_1830,BOM_1830__Mosiah_19,Mosiah_19,Mosiah,19,MP-1,BOM,MP-1,MP-1_Mosiah_Alma_Helaman,29,FALSE,TRUE,FALSE,TRUE,FALSE,FALSE
BOM,1830,BOM,BOM_1830,BOM_1830__Mosiah_20,Mosiah_20,Mosiah,20,MP-1,BOM,MP-1,MP-1_Mosiah_Alma_Helaman,26,FALSE,TRUE,FALSE,TRUE,FALSE,FALSE
BOM,1830,BOM,BOM_1830,BOM_1830__Mosiah_21,Mosiah_21,Mosiah,21,MP-1,BOM,MP-1,MP-1_Mosiah_Alma_Helaman,36,FALSE,TRUE,FALSE,TRUE,FALSE,FALSE
BOM,1830,BOM,BOM_1830,BOM_1830__Mosiah_22,Mosiah_22,Mosiah,22,MP-1,BOM,MP-1,MP-1_Mosiah_Alma_Helaman,16,FALSE,TRUE,FALSE,TRUE,FALSE,FALSE
BOM,1830,BOM,BOM_1830,BOM_1830__Mosiah_23,Mosiah_23,Mosiah,23,MP-1,BOM,MP-1,MP-1_Mosiah_Alma_Helaman,39,FALSE,TRUE,FALSE,TRUE,FALSE,FALSE
BOM,1830,BOM,BOM_1830,BOM_1830__Mosiah_24,Mosiah_24,Mosiah,24,MP-1,BOM,MP-1,MP-1_Mosiah_Alma_Helaman,25,FALSE,TRUE,FALSE,TRUE,FALSE,FALSE
BOM,1830,BOM,BOM_1830,BOM_1830__Mosiah_25,Mosiah_25,Mosiah,25,MP-1,BOM,MP-1,MP-1_Mosiah_Alma_Helaman,24,FALSE,TRUE,FALSE,TRUE,FALSE,FALSE
BOM,1830,BOM,BOM_1830,BOM_1830__Mosiah_26,Mosiah_26,Mosiah,26,MP-1,BOM,MP-1,MP-1_Mosiah_Alma_Helaman,39,FALSE,TRUE,FALSE,TRUE,FALSE,FALSE
BOM,1830,BOM,BOM_1830,BOM_1830__Mosiah_27,Mosiah_27,Mosiah,27,MP-1,BOM,MP-1,MP-1_Mosiah_Alma_Helaman,37,FALSE,TRUE,FALSE,TRUE,FALSE,FALSE
BOM,1830,BOM,BOM_1830,BOM_1830__Mosiah_28,Mosiah_28,Mosiah,28,MP-1,BOM,MP-1,MP-1_Mosiah_Alma_Helaman,20,FALSE,TRUE,FALSE,TRUE,FALSE,FALSE
BOM,1830,BOM,BOM_1830,BOM_1830__Mosiah_29,Mosiah_29,Mosiah,29,MP-1,BOM,MP-1,MP-1_Mosiah_Alma_Helaman,47,FALSE,TRUE,FALSE,TRUE,FALSE,FALSE
BOM,1830,BOM,BOM_1830,BOM_1830__Omni_1,Omni_1,Omni,1,MP-3,BOM,MP-3,MP-3_1Nephi_to_WordsOfMormon,30,FALSE,TRUE,FALSE,FALSE,FALSE,TRUE
BOM,1830,BOM,BOM_1830,BOM_1830__Words_of_Mormon_1,Words_of_Mormon_1,Words of Mormon,1,MP-3,BOM,MP-3,MP-3_1Nephi_to_WordsOfMormon,18,FALSE,TRUE,FALSE,FALSE,FALSE,TRUE
KJV,KJV,KJV,KJV,KJV__1 Kings_1,1 Kings_1,1 Kings,1,1 Kings,Narrative,NA,NA,53,TRUE,FALSE,FALSE,FALSE,FALSE,FALSE
KJV,KJV,KJV,KJV,KJV__1 Kings_2,1 Kings_2,1 Kings,2,1 Kings,Narrative,NA,NA,46,TRUE,FALSE,FALSE,FALSE,FALSE,FALSE
KJV,KJV,KJV,KJV,KJV__1 Kings_3,1 Kings_3,1 Kings,3,1 Kings,Narrative,NA,NA,28,TRUE,FALSE,FALSE,FALSE,FALSE,FALSE
KJV,KJV,KJV,KJV,KJV__1 Kings_4,1 Kings_4,1 Kings,4,1 Kings,Narrative,NA,NA,34,TRUE,FALSE,FALSE,FALSE,FALSE,FALSE
KJV,KJV,KJV,KJV,KJV__1 Kings_5,1 Kings_5,1 Kings,5,1 Kings,Narrative,NA,NA,18,TRUE,FALSE,FALSE,FALSE,FALSE,FALSE
KJV,KJV,KJV,KJV,KJV__1 Kings_6,1 Kings_6,1 Kings,6,1 Kings,Narrative,NA,NA,38,TRUE,FALSE,FALSE,FALSE,FALSE,FALSE
KJV,KJV,KJV,KJV,KJV__1 Kings_7,1 Kings_7,1 Kings,7,1 Kings,Narrative,NA,NA,51,TRUE,FALSE,FALSE,FALSE,FALSE,FALSE
KJV,KJV,KJV,KJV,KJV__1 Kings_8,1 Kings_8,1 Kings,8,1 Kings,Narrative,NA,NA,66,TRUE,FALSE,FALSE,FALSE,FALSE,FALSE
KJV,KJV,KJV,KJV,KJV__1 Kings_9,1 Kings_9,1 Kings,9,1 Kings,Narrative,NA,NA,28,TRUE,FALSE,FALSE,FALSE,FALSE,FALSE
KJV,KJV,KJV,KJV,KJV__1 Kings_10,1 Kings_10,1 Kings,10,1 Kings,Narrative,NA,NA,29,TRUE,FALSE,FALSE,FALSE,FALSE,FALSE
KJV,KJV,KJV,KJV,KJV__1 Kings_11,1 Kings_11,1 Kings,11,1 Kings,Narrative,NA,NA,43,TRUE,FALSE,FALSE,FALSE,FALSE,FALSE
KJV,KJV,KJV,KJV,KJV__1 Kings_12,1 Kings_12,1 Kings,12,1 Kings,Narrative,NA,NA,33,TRUE,FALSE,FALSE,FALSE,FALSE,FALSE
KJV,KJV,KJV,KJV,KJV__1 Kings_13,1 Kings_13,1 Kings,13,1 Kings,Narrative,NA,NA,34,TRUE,FALSE,FALSE,FALSE,FALSE,FALSE
KJV,KJV,KJV,KJV,KJV__1 Kings_14,1 Kings_14,1 Kings,14,1 Kings,Narrative,NA,NA,31,TRUE,FALSE,FALSE,FALSE,FALSE,FALSE
KJV,KJV,KJV,KJV,KJV__1 Kings_15,1 Kings_15,1 Kings,15,1 Kings,Narrative,NA,NA,34,TRUE,FALSE,FALSE,FALSE,FALSE,FALSE
KJV,KJV,KJV,KJV,KJV__1 Kings_16,1 Kings_16,1 Kings,16,1 Kings,Narrative,NA,NA,34,TRUE,FALSE,FALSE,FALSE,FALSE,FALSE
KJV,KJV,KJV,KJV,KJV__1 Kings_17,1 Kings_17,1 Kings,17,1 Kings,Narrative,NA,NA,24,TRUE,FALSE,FALSE,FALSE,FALSE,FALSE
KJV,KJV,KJV,KJV,KJV__1 Kings_18,1 Kings_18,1 Kings,18,1 Kings,Narrative,NA,NA,46,TRUE,FALSE,FALSE,FALSE,FALSE,FALSE
KJV,KJV,KJV,KJV,KJV__1 Kings_19,1 Kings_19,1 Kings,19,1 Kings,Narrative,NA,NA,21,TRUE,FALSE,FALSE,FALSE,FALSE,FALSE
KJV,KJV,KJV,KJV,KJV__1 Kings_20,1 Kings_20,1 Kings,20,1 Kings,Narrative,NA,NA,43,TRUE,FALSE,FALSE,FALSE,FALSE,FALSE
KJV,KJV,KJV,KJV,KJV__1 Kings_21,1 Kings_21,1 Kings,21,1 Kings,Narrative,NA,NA,29,TRUE,FALSE,FALSE,FALSE,FALSE,FALSE
KJV,KJV,KJV,KJV,KJV__1 Kings_22,1 Kings_22,1 Kings,22,1 Kings,Narrative,NA,NA,53,TRUE,FALSE,FALSE,FALSE,FALSE,FALSE
KJV,KJV,KJV,KJV,KJV__1 Samuel_1,1 Samuel_1,1 Samuel,1,1 Samuel,Narrative,NA,NA,28,TRUE,FALSE,FALSE,FALSE,FALSE,FALSE
KJV,KJV,KJV,KJV,KJV__1 Samuel_2,1 Samuel_2,1 Samuel,2,1 Samuel,Narrative,NA,NA,36,TRUE,FALSE,FALSE,FALSE,FALSE,FALSE
KJV,KJV,KJV,KJV,KJV__1 Samuel_3,1 Samuel_3,1 Samuel,3,1 Samuel,Narrative,NA,NA,21,TRUE,FALSE,FALSE,FALSE,FALSE,FALSE
KJV,KJV,KJV,KJV,KJV__1 Samuel_4,1 Samuel_4,1 Samuel,4,1 Samuel,Narrative,NA,NA,22,TRUE,FALSE,FALSE,FALSE,FALSE,FALSE
KJV,KJV,KJV,KJV,KJV__1 Samuel_5,1 Samuel_5,1 Samuel,5,1 Samuel,Narrative,NA,NA,12,TRUE,FALSE,FALSE,FALSE,FALSE,FALSE
KJV,KJV,KJV,KJV,KJV__1 Samuel_6,1 Samuel_6,1 Samuel,6,1 Samuel,Narrative,NA,NA,21,TRUE,FALSE,FALSE,FALSE,FALSE,FALSE
KJV,KJV,KJV,KJV,KJV__1 Samuel_7,1 Samuel_7,1 Samuel,7,1 Samuel,Narrative,NA,NA,17,TRUE,FALSE,FALSE,FALSE,FALSE,FALSE
KJV,KJV,KJV,KJV,KJV__1 Samuel_8,1 Samuel_8,1 Samuel,8,1 Samuel,Narrative,NA,NA,22,TRUE,FALSE,FALSE,FALSE,FALSE,FALSE
KJV,KJV,KJV,KJV,KJV__1 Samuel_9,1 Samuel_9,1 Samuel,9,1 Samuel,Narrative,NA,NA,27,TRUE,FALSE,FALSE,FALSE,FALSE,FALSE
KJV,KJV,KJV,KJV,KJV__1 Samuel_10,1 Samuel_10,1 Samuel,10,1 Samuel,Narrative,NA,NA,27,TRUE,FALSE,FALSE,FALSE,FALSE,FALSE
KJV,KJV,KJV,KJV,KJV__1 Samuel_11,1 Samuel_11,1 Samuel,11,1 Samuel,Narrative,NA,NA,15,TRUE,FALSE,FALSE,FALSE,FALSE,FALSE
KJV,KJV,KJV,KJV,KJV__1 Samuel_12,1 Samuel_12,1 Samuel,12,1 Samuel,Narrative,NA,NA,25,TRUE,FALSE,FALSE,FALSE,FALSE,FALSE
KJV,KJV,KJV,KJV,KJV__1 Samuel_13,1 Samuel_13,1 Samuel,13,1 Samuel,Narrative,NA,NA,23,TRUE,FALSE,FALSE,FALSE,FALSE,FALSE
KJV,KJV,KJV,KJV,KJV__1 Samuel_14,1 Samuel_14,1 Samuel,14,1 Samuel,Narrative,NA,NA,52,TRUE,FALSE,FALSE,FALSE,FALSE,FALSE
KJV,KJV,KJV,KJV,KJV__1 Samuel_15,1 Samuel_15,1 Samuel,15,1 Samuel,Narrative,NA,NA,35,TRUE,FALSE,FALSE,FALSE,FALSE,FALSE
KJV,KJV,KJV,KJV,KJV__1 Samuel_16,1 Samuel_16,1 Samuel,16,1 Samuel,Narrative,NA,NA,23,TRUE,FALSE,FALSE,FALSE,FALSE,FALSE
KJV,KJV,KJV,KJV,KJV__1 Samuel_17,1 Samuel_17,1 Samuel,17,1 Samuel,Narrative,NA,NA,58,TRUE,FALSE,FALSE,FALSE,FALSE,FALSE
KJV,KJV,KJV,KJV,KJV__1 Samuel_18,1 Samuel_18,1 Samuel,18,1 Samuel,Narrative,NA,NA,30,TRUE,FALSE,FALSE,FALSE,FALSE,FALSE
KJV,KJV,KJV,KJV,KJV__1 Samuel_19,1 Samuel_19,1 Samuel,19,1 Samuel,Narrative,NA,NA,24,TRUE,FALSE,FALSE,FALSE,FALSE,FALSE
KJV,KJV,KJV,KJV,KJV__1 Samuel_20,1 Samuel_20,1 Samuel,20,1 Samuel,Narrative,NA,NA,42,TRUE,FALSE,FALSE,FALSE,FALSE,FALSE
KJV,KJV,KJV,KJV,KJV__1 Samuel_21,1 Samuel_21,1 Samuel,21,1 Samuel,Narrative,NA,NA,15,TRUE,FALSE,FALSE,FALSE,FALSE,FALSE
KJV,KJV,KJV,KJV,KJV__1 Samuel_22,1 Samuel_22,1 Samuel,22,1 Samuel,Narrative,NA,NA,23,TRUE,FALSE,FALSE,FALSE,FALSE,FALSE
KJV,KJV,KJV,KJV,KJV__1 Samuel_23,1 Samuel_23,1 Samuel,23,1 Samuel,Narrative,NA,NA,29,TRUE,FALSE,FALSE,FALSE,FALSE,FALSE
KJV,KJV,KJV,KJV,KJV__1 Samuel_24,1 Samuel_24,1 Samuel,24,1 Samuel,Narrative,NA,NA,22,TRUE,FALSE,FALSE,FALSE,FALSE,FALSE
KJV,KJV,KJV,KJV,KJV__1 Samuel_25,1 Samuel_25,1 Samuel,25,1 Samuel,Narrative,NA,NA,44,TRUE,FALSE,FALSE,FALSE,FALSE,FALSE
KJV,KJV,KJV,KJV,KJV__1 Samuel_26,1 Samuel_26,1 Samuel,26,1 Samuel,Narrative,NA,NA,25,TRUE,FALSE,FALSE,FALSE,FALSE,FALSE
KJV,KJV,KJV,KJV,KJV__1 Samuel_27,1 Samuel_27,1 Samuel,27,1 Samuel,Narrative,NA,NA,12,TRUE,FALSE,FALSE,FALSE,FALSE,FALSE
KJV,KJV,KJV,KJV,KJV__1 Samuel_28,1 Samuel_28,1 Samuel,28,1 Samuel,Narrative,NA,NA,25,TRUE,FALSE,FALSE,FALSE,FALSE,FALSE
KJV,KJV,KJV,KJV,KJV__1 Samuel_29,1 Samuel_29,1 Samuel,29,1 Samuel,Narrative,NA,NA,11,TRUE,FALSE,FALSE,FALSE,FALSE,FALSE
KJV,KJV,KJV,KJV,KJV__1 Samuel_30,1 Samuel_30,1 Samuel,30,1 Samuel,Narrative,NA,NA,31,TRUE,FALSE,FALSE,FALSE,FALSE,FALSE
KJV,KJV,KJV,KJV,KJV__1 Samuel_31,1 Samuel_31,1 Samuel,31,1 Samuel,Narrative,NA,NA,13,TRUE,FALSE,FALSE,FALSE,FALSE,FALSE
KJV,KJV,KJV,KJV,KJV__2 Kings_1,2 Kings_1,2 Kings,1,2 Kings,Narrative,NA,NA,18,TRUE,FALSE,FALSE,FALSE,FALSE,FALSE
KJV,KJV,KJV,KJV,KJV__2 Kings_2,2 Kings_2,2 Kings,2,2 Kings,Narrative,NA,NA,25,TRUE,FALSE,FALSE,FALSE,FALSE,FALSE
KJV,KJV,KJV,KJV,KJV__2 Kings_3,2 Kings_3,2 Kings,3,2 Kings,Narrative,NA,NA,27,TRUE,FALSE,FALSE,FALSE,FALSE,FALSE
KJV,KJV,KJV,KJV,KJV__2 Kings_4,2 Kings_4,2 Kings,4,2 Kings,Narrative,NA,NA,44,TRUE,FALSE,FALSE,FALSE,FALSE,FALSE
KJV,KJV,KJV,KJV,KJV__2 Kings_5,2 Kings_5,2 Kings,5,2 Kings,Narrative,NA,NA,27,TRUE,FALSE,FALSE,FALSE,FALSE,FALSE
KJV,KJV,KJV,KJV,KJV__2 Kings_6,2 Kings_6,2 Kings,6,2 Kings,Narrative,NA,NA,33,TRUE,FALSE,FALSE,FALSE,FALSE,FALSE
KJV,KJV,KJV,KJV,KJV__2 Kings_7,2 Kings_7,2 Kings,7,2 Kings,Narrative,NA,NA,20,TRUE,FALSE,FALSE,FALSE,FALSE,FALSE
KJV,KJV,KJV,KJV,KJV__2 Kings_8,2 Kings_8,2 Kings,8,2 Kings,Narrative,NA,NA,29,TRUE,FALSE,FALSE,FALSE,FALSE,FALSE
KJV,KJV,KJV,KJV,KJV__2 Kings_9,2 Kings_9,2 Kings,9,2 Kings,Narrative,NA,NA,37,TRUE,FALSE,FALSE,FALSE,FALSE,FALSE
KJV,KJV,KJV,KJV,KJV__2 Kings_10,2 Kings_10,2 Kings,10,2 Kings,Narrative,NA,NA,36,TRUE,FALSE,FALSE,FALSE,FALSE,FALSE
KJV,KJV,KJV,KJV,KJV__2 Kings_11,2 Kings_11,2 Kings,11,2 Kings,Narrative,NA,NA,21,TRUE,FALSE,FALSE,FALSE,FALSE,FALSE
KJV,KJV,KJV,KJV,KJV__2 Kings_12,2 Kings_12,2 Kings,12,2 Kings,Narrative,NA,NA,21,TRUE,FALSE,FALSE,FALSE,FALSE,FALSE
KJV,KJV,KJV,KJV,KJV__2 Kings_13,2 Kings_13,2 Kings,13,2 Kings,Narrative,NA,NA,25,TRUE,FALSE,FALSE,FALSE,FALSE,FALSE
KJV,KJV,KJV,KJV,KJV__2 Kings_14,2 Kings_14,2 Kings,14,2 Kings,Narrative,NA,NA,29,TRUE,FALSE,FALSE,FALSE,FALSE,FALSE
KJV,KJV,KJV,KJV,KJV__2 Kings_15,2 Kings_15,2 Kings,15,2 Kings,Narrative,NA,NA,38,TRUE,FALSE,FALSE,FALSE,FALSE,FALSE
KJV,KJV,KJV,KJV,KJV__2 Kings_16,2 Kings_16,2 Kings,16,2 Kings,Narrative,NA,NA,20,TRUE,FALSE,FALSE,FALSE,FALSE,FALSE
KJV,KJV,KJV,KJV,KJV__2 Kings_17,2 Kings_17,2 Kings,17,2 Kings,Narrative,NA,NA,41,TRUE,FALSE,FALSE,FALSE,FALSE,FALSE
KJV,KJV,KJV,KJV,KJV__2 Kings_18,2 Kings_18,2 Kings,18,2 Kings,Narrative,NA,NA,37,TRUE,FALSE,FALSE,FALSE,FALSE,FALSE
KJV,KJV,KJV,KJV,KJV__2 Kings_19,2 Kings_19,2 Kings,19,2 Kings,Narrative,NA,NA,37,TRUE,FALSE,FALSE,FALSE,FALSE,FALSE
KJV,KJV,KJV,KJV,KJV__2 Kings_20,2 Kings_20,2 Kings,20,2 Kings,Narrative,NA,NA,21,TRUE,FALSE,FALSE,FALSE,FALSE,FALSE
KJV,KJV,KJV,KJV,KJV__2 Kings_21,2 Kings_21,2 Kings,21,2 Kings,Narrative,NA,NA,26,TRUE,FALSE,FALSE,FALSE,FALSE,FALSE
KJV,KJV,KJV,KJV,KJV__2 Kings_22,2 Kings_22,2 Kings,22,2 Kings,Narrative,NA,NA,20,TRUE,FALSE,FALSE,FALSE,FALSE,FALSE
KJV,KJV,KJV,KJV,KJV__2 Kings_23,2 Kings_23,2 Kings,23,2 Kings,Narrative,NA,NA,37,TRUE,FALSE,FALSE,FALSE,FALSE,FALSE
KJV,KJV,KJV,KJV,KJV__2 Kings_24,2 Kings_24,2 Kings,24,2 Kings,Narrative,NA,NA,20,TRUE,FALSE,FALSE,FALSE,FALSE,FALSE
KJV,KJV,KJV,KJV,KJV__2 Kings_25,2 Kings_25,2 Kings,25,2 Kings,Narrative,NA,NA,30,TRUE,FALSE,FALSE,FALSE,FALSE,FALSE
KJV,KJV,KJV,KJV,KJV__2 Samuel_1,2 Samuel_1,2 Samuel,1,2 Samuel,Narrative,NA,NA,27,TRUE,FALSE,FALSE,FALSE,FALSE,FALSE
KJV,KJV,KJV,KJV,KJV__2 Samuel_2,2 Samuel_2,2 Samuel,2,2 Samuel,Narrative,NA,NA,32,TRUE,FALSE,FALSE,FALSE,FALSE,FALSE
KJV,KJV,KJV,KJV,KJV__2 Samuel_3,2 Samuel_3,2 Samuel,3,2 Samuel,Narrative,NA,NA,39,TRUE,FALSE,FALSE,FALSE,FALSE,FALSE
KJV,KJV,KJV,KJV,KJV__2 Samuel_4,2 Samuel_4,2 Samuel,4,2 Samuel,Narrative,NA,NA,12,TRUE,FALSE,FALSE,FALSE,FALSE,FALSE
KJV,KJV,KJV,KJV,KJV__2 Samuel_5,2 Samuel_5,2 Samuel,5,2 Samuel,Narrative,NA,NA,25,TRUE,FALSE,FALSE,FALSE,FALSE,FALSE
KJV,KJV,KJV,KJV,KJV__2 Samuel_6,2 Samuel_6,2 Samuel,6,2 Samuel,Narrative,NA,NA,23,TRUE,FALSE,FALSE,FALSE,FALSE,FALSE
KJV,KJV,KJV,KJV,KJV__2 Samuel_7,2 Samuel_7,2 Samuel,7,2 Samuel,Narrative,NA,NA,29,TRUE,FALSE,FALSE,FALSE,FALSE,FALSE
KJV,KJV,KJV,KJV,KJV__2 Samuel_8,2 Samuel_8,2 Samuel,8,2 Samuel,Narrative,NA,NA,18,TRUE,FALSE,FALSE,FALSE,FALSE,FALSE
KJV,KJV,KJV,KJV,KJV__2 Samuel_9,2 Samuel_9,2 Samuel,9,2 Samuel,Narrative,NA,NA,13,TRUE,FALSE,FALSE,FALSE,FALSE,FALSE
KJV,KJV,KJV,KJV,KJV__2 Samuel_10,2 Samuel_10,2 Samuel,10,2 Samuel,Narrative,NA,NA,19,TRUE,FALSE,FALSE,FALSE,FALSE,FALSE
KJV,KJV,KJV,KJV,KJV__2 Samuel_11,2 Samuel_11,2 Samuel,11,2 Samuel,Narrative,NA,NA,27,TRUE,FALSE,FALSE,FALSE,FALSE,FALSE
KJV,KJV,KJV,KJV,KJV__2 Samuel_12,2 Samuel_12,2 Samuel,12,2 Samuel,Narrative,NA,NA,31,TRUE,FALSE,FALSE,FALSE,FALSE,FALSE
KJV,KJV,KJV,KJV,KJV__2 Samuel_13,2 Samuel_13,2 Samuel,13,2 Samuel,Narrative,NA,NA,39,TRUE,FALSE,FALSE,FALSE,FALSE,FALSE
KJV,KJV,KJV,KJV,KJV__2 Samuel_14,2 Samuel_14,2 Samuel,14,2 Samuel,Narrative,NA,NA,33,TRUE,FALSE,FALSE,FALSE,FALSE,FALSE
KJV,KJV,KJV,KJV,KJV__2 Samuel_15,2 Samuel_15,2 Samuel,15,2 Samuel,Narrative,NA,NA,37,TRUE,FALSE,FALSE,FALSE,FALSE,FALSE
KJV,KJV,KJV,KJV,KJV__2 Samuel_16,2 Samuel_16,2 Samuel,16,2 Samuel,Narrative,NA,NA,23,TRUE,FALSE,FALSE,FALSE,FALSE,FALSE
KJV,KJV,KJV,KJV,KJV__2 Samuel_17,2 Samuel_17,2 Samuel,17,2 Samuel,Narrative,NA,NA,29,TRUE,FALSE,FALSE,FALSE,FALSE,FALSE
KJV,KJV,KJV,KJV,KJV__2 Samuel_18,2 Samuel_18,2 Samuel,18,2 Samuel,Narrative,NA,NA,33,TRUE,FALSE,FALSE,FALSE,FALSE,FALSE
KJV,KJV,KJV,KJV,KJV__2 Samuel_19,2 Samuel_19,2 Samuel,19,2 Samuel,Narrative,NA,NA,43,TRUE,FALSE,FALSE,FALSE,FALSE,FALSE
KJV,KJV,KJV,KJV,KJV__2 Samuel_20,2 Samuel_20,2 Samuel,20,2 Samuel,Narrative,NA,NA,26,TRUE,FALSE,FALSE,FALSE,FALSE,FALSE
KJV,KJV,KJV,KJV,KJV__2 Samuel_21,2 Samuel_21,2 Samuel,21,2 Samuel,Narrative,NA,NA,22,TRUE,FALSE,FALSE,FALSE,FALSE,FALSE
KJV,KJV,KJV,KJV,KJV__2 Samuel_22,2 Samuel_22,2 Samuel,22,2 Samuel,Narrative,NA,NA,51,TRUE,FALSE,FALSE,FALSE,FALSE,FALSE
KJV,KJV,KJV,KJV,KJV__2 Samuel_23,2 Samuel_23,2 Samuel,23,2 Samuel,Narrative,NA,NA,39,TRUE,FALSE,FALSE,FALSE,FALSE,FALSE
KJV,KJV,KJV,KJV,KJV__2 Samuel_24,2 Samuel_24,2 Samuel,24,2 Samuel,Narrative,NA,NA,25,TRUE,FALSE,FALSE,FALSE,FALSE,FALSE
KJV,KJV,KJV,KJV,KJV__Amos_1,Amos_1,Amos,1,Amos,Prophetic,NA,NA,15,TRUE,FALSE,FALSE,FALSE,FALSE,FALSE
KJV,KJV,KJV,KJV,KJV__Amos_2,Amos_2,Amos,2,Amos,Prophetic,NA,NA,16,TRUE,FALSE,FALSE,FALSE,FALSE,FALSE
KJV,KJV,KJV,KJV,KJV__Amos_3,Amos_3,Amos,3,Amos,Prophetic,NA,NA,15,TRUE,FALSE,FALSE,FALSE,FALSE,FALSE
KJV,KJV,KJV,KJV,KJV__Amos_4,Amos_4,Amos,4,Amos,Prophetic,NA,NA,13,TRUE,FALSE,FALSE,FALSE,FALSE,FALSE
KJV,KJV,KJV,KJV,KJV__Amos_5,Amos_5,Amos,5,Amos,Prophetic,NA,NA,27,TRUE,FALSE,FALSE,FALSE,FALSE,FALSE
KJV,KJV,KJV,KJV,KJV__Amos_6,Amos_6,Amos,6,Amos,Prophetic,NA,NA,14,TRUE,FALSE,FALSE,FALSE,FALSE,FALSE
KJV,KJV,KJV,KJV,KJV__Amos_7,Amos_7,Amos,7,Amos,Prophetic,NA,NA,17,TRUE,FALSE,FALSE,FALSE,FALSE,FALSE
KJV,KJV,KJV,KJV,KJV__Amos_8,Amos_8,Amos,8,Amos,Prophetic,NA,NA,14,TRUE,FALSE,FALSE,FALSE,FALSE,FALSE
KJV,KJV,KJV,KJV,KJV__Amos_9,Amos_9,Amos,9,Amos,Prophetic,NA,NA,15,TRUE,FALSE,FALSE,FALSE,FALSE,FALSE
KJV,KJV,KJV,KJV,KJV__Ezekiel_1,Ezekiel_1,Ezekiel,1,Ezekiel,Prophetic,NA,NA,28,TRUE,FALSE,FALSE,FALSE,FALSE,FALSE
KJV,KJV,KJV,KJV,KJV__Ezekiel_2,Ezekiel_2,Ezekiel,2,Ezekiel,Prophetic,NA,NA,10,TRUE,FALSE,FALSE,FALSE,FALSE,FALSE
KJV,KJV,KJV,KJV,KJV__Ezekiel_3,Ezekiel_3,Ezekiel,3,Ezekiel,Prophetic,NA,NA,27,TRUE,FALSE,FALSE,FALSE,FALSE,FALSE
KJV,KJV,KJV,KJV,KJV__Ezekiel_4,Ezekiel_4,Ezekiel,4,Ezekiel,Prophetic,NA,NA,17,TRUE,FALSE,FALSE,FALSE,FALSE,FALSE
KJV,KJV,KJV,KJV,KJV__Ezekiel_5,Ezekiel_5,Ezekiel,5,Ezekiel,Prophetic,NA,NA,17,TRUE,FALSE,FALSE,FALSE,FALSE,FALSE
KJV,KJV,KJV,KJV,KJV__Ezekiel_6,Ezekiel_6,Ezekiel,6,Ezekiel,Prophetic,NA,NA,14,TRUE,FALSE,FALSE,FALSE,FALSE,FALSE
KJV,KJV,KJV,KJV,KJV__Ezekiel_7,Ezekiel_7,Ezekiel,7,Ezekiel,Prophetic,NA,NA,27,TRUE,FALSE,FALSE,FALSE,FALSE,FALSE
KJV,KJV,KJV,KJV,KJV__Ezekiel_8,Ezekiel_8,Ezekiel,8,Ezekiel,Prophetic,NA,NA,18,TRUE,FALSE,FALSE,FALSE,FALSE,FALSE
KJV,KJV,KJV,KJV,KJV__Ezekiel_9,Ezekiel_9,Ezekiel,9,Ezekiel,Prophetic,NA,NA,11,TRUE,FALSE,FALSE,FALSE,FALSE,FALSE
KJV,KJV,KJV,KJV,KJV__Ezekiel_10,Ezekiel_10,Ezekiel,10,Ezekiel,Prophetic,NA,NA,22,TRUE,FALSE,FALSE,FALSE,FALSE,FALSE
KJV,KJV,KJV,KJV,KJV__Ezekiel_11,Ezekiel_11,Ezekiel,11,Ezekiel,Prophetic,NA,NA,25,TRUE,FALSE,FALSE,FALSE,FALSE,FALSE
KJV,KJV,KJV,KJV,KJV__Ezekiel_12,Ezekiel_12,Ezekiel,12,Ezekiel,Prophetic,NA,NA,28,TRUE,FALSE,FALSE,FALSE,FALSE,FALSE
KJV,KJV,KJV,KJV,KJV__Ezekiel_13,Ezekiel_13,Ezekiel,13,Ezekiel,Prophetic,NA,NA,23,TRUE,FALSE,FALSE,FALSE,FALSE,FALSE
KJV,KJV,KJV,KJV,KJV__Ezekiel_14,Ezekiel_14,Ezekiel,14,Ezekiel,Prophetic,NA,NA,23,TRUE,FALSE,FALSE,FALSE,FALSE,FALSE
KJV,KJV,KJV,KJV,KJV__Ezekiel_15,Ezekiel_15,Ezekiel,15,Ezekiel,Prophetic,NA,NA,8,TRUE,FALSE,FALSE,FALSE,FALSE,FALSE
KJV,KJV,KJV,KJV,KJV__Ezekiel_16,Ezekiel_16,Ezekiel,16,Ezekiel,Prophetic,NA,NA,63,TRUE,FALSE,FALSE,FALSE,FALSE,FALSE
KJV,KJV,KJV,KJV,KJV__Ezekiel_17,Ezekiel_17,Ezekiel,17,Ezekiel,Prophetic,NA,NA,24,TRUE,FALSE,FALSE,FALSE,FALSE,FALSE
KJV,KJV,KJV,KJV,KJV__Ezekiel_18,Ezekiel_18,Ezekiel,18,Ezekiel,Prophetic,NA,NA,32,TRUE,FALSE,FALSE,FALSE,FALSE,FALSE
KJV,KJV,KJV,KJV,KJV__Ezekiel_19,Ezekiel_19,Ezekiel,19,Ezekiel,Prophetic,NA,NA,14,TRUE,FALSE,FALSE,FALSE,FALSE,FALSE
KJV,KJV,KJV,KJV,KJV__Ezekiel_20,Ezekiel_20,Ezekiel,20,Ezekiel,Prophetic,NA,NA,49,TRUE,FALSE,FALSE,FALSE,FALSE,FALSE
KJV,KJV,KJV,KJV,KJV__Ezekiel_21,Ezekiel_21,Ezekiel,21,Ezekiel,Prophetic,NA,NA,32,TRUE,FALSE,FALSE,FALSE,FALSE,FALSE
KJV,KJV,KJV,KJV,KJV__Ezekiel_22,Ezekiel_22,Ezekiel,22,Ezekiel,Prophetic,NA,NA,31,TRUE,FALSE,FALSE,FALSE,FALSE,FALSE
KJV,KJV,KJV,KJV,KJV__Ezekiel_23,Ezekiel_23,Ezekiel,23,Ezekiel,Prophetic,NA,NA,49,TRUE,FALSE,FALSE,FALSE,FALSE,FALSE
KJV,KJV,KJV,KJV,KJV__Ezekiel_24,Ezekiel_24,Ezekiel,24,Ezekiel,Prophetic,NA,NA,27,TRUE,FALSE,FALSE,FALSE,FALSE,FALSE
KJV,KJV,KJV,KJV,KJV__Ezekiel_25,Ezekiel_25,Ezekiel,25,Ezekiel,Prophetic,NA,NA,17,TRUE,FALSE,FALSE,FALSE,FALSE,FALSE
KJV,KJV,KJV,KJV,KJV__Ezekiel_26,Ezekiel_26,Ezekiel,26,Ezekiel,Prophetic,NA,NA,21,TRUE,FALSE,FALSE,FALSE,FALSE,FALSE
KJV,KJV,KJV,KJV,KJV__Ezekiel_27,Ezekiel_27,Ezekiel,27,Ezekiel,Prophetic,NA,NA,36,TRUE,FALSE,FALSE,FALSE,FALSE,FALSE
KJV,KJV,KJV,KJV,KJV__Ezekiel_28,Ezekiel_28,Ezekiel,28,Ezekiel,Prophetic,NA,NA,26,TRUE,FALSE,FALSE,FALSE,FALSE,FALSE
KJV,KJV,KJV,KJV,KJV__Ezekiel_29,Ezekiel_29,Ezekiel,29,Ezekiel,Prophetic,NA,NA,21,TRUE,FALSE,FALSE,FALSE,FALSE,FALSE
KJV,KJV,KJV,KJV,KJV__Ezekiel_30,Ezekiel_30,Ezekiel,30,Ezekiel,Prophetic,NA,NA,26,TRUE,FALSE,FALSE,FALSE,FALSE,FALSE
KJV,KJV,KJV,KJV,KJV__Ezekiel_31,Ezekiel_31,Ezekiel,31,Ezekiel,Prophetic,NA,NA,18,TRUE,FALSE,FALSE,FALSE,FALSE,FALSE
KJV,KJV,KJV,KJV,KJV__Ezekiel_32,Ezekiel_32,Ezekiel,32,Ezekiel,Prophetic,NA,NA,32,TRUE,FALSE,FALSE,FALSE,FALSE,FALSE
KJV,KJV,KJV,KJV,KJV__Ezekiel_33,Ezekiel_33,Ezekiel,33,Ezekiel,Prophetic,NA,NA,33,TRUE,FALSE,FALSE,FALSE,FALSE,FALSE
KJV,KJV,KJV,KJV,KJV__Ezekiel_34,Ezekiel_34,Ezekiel,34,Ezekiel,Prophetic,NA,NA,31,TRUE,FALSE,FALSE,FALSE,FALSE,FALSE
KJV,KJV,KJV,KJV,KJV__Ezekiel_35,Ezekiel_35,Ezekiel,35,Ezekiel,Prophetic,NA,NA,15,TRUE,FALSE,FALSE,FALSE,FALSE,FALSE
KJV,KJV,KJV,KJV,KJV__Ezekiel_36,Ezekiel_36,Ezekiel,36,Ezekiel,Prophetic,NA,NA,38,TRUE,FALSE,FALSE,FALSE,FALSE,FALSE
KJV,KJV,KJV,KJV,KJV__Ezekiel_37,Ezekiel_37,Ezekiel,37,Ezekiel,Prophetic,NA,NA,28,TRUE,FALSE,FALSE,FALSE,FALSE,FALSE
KJV,KJV,KJV,KJV,KJV__Ezekiel_38,Ezekiel_38,Ezekiel,38,Ezekiel,Prophetic,NA,NA,23,TRUE,FALSE,FALSE,FALSE,FALSE,FALSE
KJV,KJV,KJV,KJV,KJV__Ezekiel_39,Ezekiel_39,Ezekiel,39,Ezekiel,Prophetic,NA,NA,29,TRUE,FALSE,FALSE,FALSE,FALSE,FALSE
KJV,KJV,KJV,KJV,KJV__Ezekiel_40,Ezekiel_40,Ezekiel,40,Ezekiel,Prophetic,NA,NA,49,TRUE,FALSE,FALSE,FALSE,FALSE,FALSE
KJV,KJV,KJV,KJV,KJV__Ezekiel_41,Ezekiel_41,Ezekiel,41,Ezekiel,Prophetic,NA,NA,26,TRUE,FALSE,FALSE,FALSE,FALSE,FALSE
KJV,KJV,KJV,KJV,KJV__Ezekiel_42,Ezekiel_42,Ezekiel,42,Ezekiel,Prophetic,NA,NA,20,TRUE,FALSE,FALSE,FALSE,FALSE,FALSE
KJV,KJV,KJV,KJV,KJV__Ezekiel_43,Ezekiel_43,Ezekiel,43,Ezekiel,Prophetic,NA,NA,27,TRUE,FALSE,FALSE,FALSE,FALSE,FALSE
KJV,KJV,KJV,KJV,KJV__Ezekiel_44,Ezekiel_44,Ezekiel,44,Ezekiel,Prophetic,NA,NA,31,TRUE,FALSE,FALSE,FALSE,FALSE,FALSE
KJV,KJV,KJV,KJV,KJV__Ezekiel_45,Ezekiel_45,Ezekiel,45,Ezekiel,Prophetic,NA,NA,25,TRUE,FALSE,FALSE,FALSE,FALSE,FALSE
KJV,KJV,KJV,KJV,KJV__Ezekiel_46,Ezekiel_46,Ezekiel,46,Ezekiel,Prophetic,NA,NA,24,TRUE,FALSE,FALSE,FALSE,FALSE,FALSE
KJV,KJV,KJV,KJV,KJV__Ezekiel_47,Ezekiel_47,Ezekiel,47,Ezekiel,Prophetic,NA,NA,23,TRUE,FALSE,FALSE,FALSE,FALSE,FALSE
KJV,KJV,KJV,KJV,KJV__Ezekiel_48,Ezekiel_48,Ezekiel,48,Ezekiel,Prophetic,NA,NA,35,TRUE,FALSE,FALSE,FALSE,FALSE,FALSE
KJV,KJV,KJV,KJV,KJV__Hosea_1,Hosea_1,Hosea,1,Hosea,Prophetic,NA,NA,11,TRUE,FALSE,FALSE,FALSE,FALSE,FALSE
KJV,KJV,KJV,KJV,KJV__Hosea_2,Hosea_2,Hosea,2,Hosea,Prophetic,NA,NA,23,TRUE,FALSE,FALSE,FALSE,FALSE,FALSE
KJV,KJV,KJV,KJV,KJV__Hosea_3,Hosea_3,Hosea,3,Hosea,Prophetic,NA,NA,5,TRUE,FALSE,FALSE,FALSE,FALSE,FALSE
KJV,KJV,KJV,KJV,KJV__Hosea_4,Hosea_4,Hosea,4,Hosea,Prophetic,NA,NA,19,TRUE,FALSE,FALSE,FALSE,FALSE,FALSE
KJV,KJV,KJV,KJV,KJV__Hosea_5,Hosea_5,Hosea,5,Hosea,Prophetic,NA,NA,15,TRUE,FALSE,FALSE,FALSE,FALSE,FALSE
KJV,KJV,KJV,KJV,KJV__Hosea_6,Hosea_6,Hosea,6,Hosea,Prophetic,NA,NA,11,TRUE,FALSE,FALSE,FALSE,FALSE,FALSE
KJV,KJV,KJV,KJV,KJV__Hosea_7,Hosea_7,Hosea,7,Hosea,Prophetic,NA,NA,16,TRUE,FALSE,FALSE,FALSE,FALSE,FALSE
KJV,KJV,KJV,KJV,KJV__Hosea_8,Hosea_8,Hosea,8,Hosea,Prophetic,NA,NA,14,TRUE,FALSE,FALSE,FALSE,FALSE,FALSE
KJV,KJV,KJV,KJV,KJV__Hosea_9,Hosea_9,Hosea,9,Hosea,Prophetic,NA,NA,17,TRUE,FALSE,FALSE,FALSE,FALSE,FALSE
KJV,KJV,KJV,KJV,KJV__Hosea_10,Hosea_10,Hosea,10,Hosea,Prophetic,NA,NA,15,TRUE,FALSE,FALSE,FALSE,FALSE,FALSE
KJV,KJV,KJV,KJV,KJV__Hosea_11,Hosea_11,Hosea,11,Hosea,Prophetic,NA,NA,12,TRUE,FALSE,FALSE,FALSE,FALSE,FALSE
KJV,KJV,KJV,KJV,KJV__Hosea_12,Hosea_12,Hosea,12,Hosea,Prophetic,NA,NA,14,TRUE,FALSE,FALSE,FALSE,FALSE,FALSE
KJV,KJV,KJV,KJV,KJV__Hosea_13,Hosea_13,Hosea,13,Hosea,Prophetic,NA,NA,16,TRUE,FALSE,FALSE,FALSE,FALSE,FALSE
KJV,KJV,KJV,KJV,KJV__Hosea_14,Hosea_14,Hosea,14,Hosea,Prophetic,NA,NA,9,TRUE,FALSE,FALSE,FALSE,FALSE,FALSE
KJV,KJV,KJV,KJV,KJV__Isaiah_1,Isaiah_1,Isaiah,1,Isaiah_1_35,Prophetic,NA,NA,31,TRUE,FALSE,TRUE,FALSE,FALSE,FALSE
KJV,KJV,KJV,KJV,KJV__Isaiah_2,Isaiah_2,Isaiah,2,Isaiah_1_35,Prophetic,NA,NA,22,TRUE,FALSE,TRUE,FALSE,FALSE,FALSE
KJV,KJV,KJV,KJV,KJV__Isaiah_3,Isaiah_3,Isaiah,3,Isaiah_1_35,Prophetic,NA,NA,26,TRUE,FALSE,TRUE,FALSE,FALSE,FALSE
KJV,KJV,KJV,KJV,KJV__Isaiah_4,Isaiah_4,Isaiah,4,Isaiah_1_35,Prophetic,NA,NA,6,TRUE,FALSE,TRUE,FALSE,FALSE,FALSE
KJV,KJV,KJV,KJV,KJV__Isaiah_5,Isaiah_5,Isaiah,5,Isaiah_1_35,Prophetic,NA,NA,30,TRUE,FALSE,TRUE,FALSE,FALSE,FALSE
KJV,KJV,KJV,KJV,KJV__Isaiah_6,Isaiah_6,Isaiah,6,Isaiah_1_35,Prophetic,NA,NA,13,TRUE,FALSE,TRUE,FALSE,FALSE,FALSE
KJV,KJV,KJV,KJV,KJV__Isaiah_7,Isaiah_7,Isaiah,7,Isaiah_1_35,Prophetic,NA,NA,25,TRUE,FALSE,TRUE,FALSE,FALSE,FALSE
KJV,KJV,KJV,KJV,KJV__Isaiah_8,Isaiah_8,Isaiah,8,Isaiah_1_35,Prophetic,NA,NA,22,TRUE,FALSE,TRUE,FALSE,FALSE,FALSE
KJV,KJV,KJV,KJV,KJV__Isaiah_9,Isaiah_9,Isaiah,9,Isaiah_1_35,Prophetic,NA,NA,21,TRUE,FALSE,TRUE,FALSE,FALSE,FALSE
KJV,KJV,KJV,KJV,KJV__Isaiah_10,Isaiah_10,Isaiah,10,Isaiah_1_35,Prophetic,NA,NA,34,TRUE,FALSE,TRUE,FALSE,FALSE,FALSE
KJV,KJV,KJV,KJV,KJV__Isaiah_11,Isaiah_11,Isaiah,11,Isaiah_1_35,Prophetic,NA,NA,16,TRUE,FALSE,TRUE,FALSE,FALSE,FALSE
KJV,KJV,KJV,KJV,KJV__Isaiah_12,Isaiah_12,Isaiah,12,Isaiah_1_35,Prophetic,NA,NA,6,TRUE,FALSE,TRUE,FALSE,FALSE,FALSE
KJV,KJV,KJV,KJV,KJV__Isaiah_13,Isaiah_13,Isaiah,13,Isaiah_1_35,Prophetic,NA,NA,22,TRUE,FALSE,TRUE,FALSE,FALSE,FALSE
KJV,KJV,KJV,KJV,KJV__Isaiah_14,Isaiah_14,Isaiah,14,Isaiah_1_35,Prophetic,NA,NA,32,TRUE,FALSE,TRUE,FALSE,FALSE,FALSE
KJV,KJV,KJV,KJV,KJV__Isaiah_15,Isaiah_15,Isaiah,15,Isaiah_1_35,Prophetic,NA,NA,9,TRUE,FALSE,TRUE,FALSE,FALSE,FALSE
KJV,KJV,KJV,KJV,KJV__Isaiah_16,Isaiah_16,Isaiah,16,Isaiah_1_35,Prophetic,NA,NA,14,TRUE,FALSE,TRUE,FALSE,FALSE,FALSE
KJV,KJV,KJV,KJV,KJV__Isaiah_17,Isaiah_17,Isaiah,17,Isaiah_1_35,Prophetic,NA,NA,14,TRUE,FALSE,TRUE,FALSE,FALSE,FALSE
KJV,KJV,KJV,KJV,KJV__Isaiah_18,Isaiah_18,Isaiah,18,Isaiah_1_35,Prophetic,NA,NA,7,TRUE,FALSE,TRUE,FALSE,FALSE,FALSE
KJV,KJV,KJV,KJV,KJV__Isaiah_19,Isaiah_19,Isaiah,19,Isaiah_1_35,Prophetic,NA,NA,25,TRUE,FALSE,TRUE,FALSE,FALSE,FALSE
KJV,KJV,KJV,KJV,KJV__Isaiah_20,Isaiah_20,Isaiah,20,Isaiah_1_35,Prophetic,NA,NA,6,TRUE,FALSE,TRUE,FALSE,FALSE,FALSE
KJV,KJV,KJV,KJV,KJV__Isaiah_21,Isaiah_21,Isaiah,21,Isaiah_1_35,Prophetic,NA,NA,17,TRUE,FALSE,TRUE,FALSE,FALSE,FALSE
KJV,KJV,KJV,KJV,KJV__Isaiah_22,Isaiah_22,Isaiah,22,Isaiah_1_35,Prophetic,NA,NA,25,TRUE,FALSE,TRUE,FALSE,FALSE,FALSE
KJV,KJV,KJV,KJV,KJV__Isaiah_23,Isaiah_23,Isaiah,23,Isaiah_1_35,Prophetic,NA,NA,18,TRUE,FALSE,TRUE,FALSE,FALSE,FALSE
KJV,KJV,KJV,KJV,KJV__Isaiah_24,Isaiah_24,Isaiah,24,Isaiah_1_35,Prophetic,NA,NA,23,TRUE,FALSE,TRUE,FALSE,FALSE,FALSE
KJV,KJV,KJV,KJV,KJV__Isaiah_25,Isaiah_25,Isaiah,25,Isaiah_1_35,Prophetic,NA,NA,12,TRUE,FALSE,TRUE,FALSE,FALSE,FALSE
KJV,KJV,KJV,KJV,KJV__Isaiah_26,Isaiah_26,Isaiah,26,Isaiah_1_35,Prophetic,NA,NA,21,TRUE,FALSE,TRUE,FALSE,FALSE,FALSE
KJV,KJV,KJV,KJV,KJV__Isaiah_27,Isaiah_27,Isaiah,27,Isaiah_1_35,Prophetic,NA,NA,13,TRUE,FALSE,TRUE,FALSE,FALSE,FALSE
KJV,KJV,KJV,KJV,KJV__Isaiah_28,Isaiah_28,Isaiah,28,Isaiah_1_35,Prophetic,NA,NA,29,TRUE,FALSE,TRUE,FALSE,FALSE,FALSE
KJV,KJV,KJV,KJV,KJV__Isaiah_29,Isaiah_29,Isaiah,29,Isaiah_1_35,Prophetic,NA,NA,24,TRUE,FALSE,TRUE,FALSE,FALSE,FALSE
KJV,KJV,KJV,KJV,KJV__Isaiah_30,Isaiah_30,Isaiah,30,Isaiah_1_35,Prophetic,NA,NA,33,TRUE,FALSE,TRUE,FALSE,FALSE,FALSE
KJV,KJV,KJV,KJV,KJV__Isaiah_31,Isaiah_31,Isaiah,31,Isaiah_1_35,Prophetic,NA,NA,9,TRUE,FALSE,TRUE,FALSE,FALSE,FALSE
KJV,KJV,KJV,KJV,KJV__Isaiah_32,Isaiah_32,Isaiah,32,Isaiah_1_35,Prophetic,NA,NA,20,TRUE,FALSE,TRUE,FALSE,FALSE,FALSE
KJV,KJV,KJV,KJV,KJV__Isaiah_33,Isaiah_33,Isaiah,33,Isaiah_1_35,Prophetic,NA,NA,24,TRUE,FALSE,TRUE,FALSE,FALSE,FALSE
KJV,KJV,KJV,KJV,KJV__Isaiah_34,Isaiah_34,Isaiah,34,Isaiah_1_35,Prophetic,NA,NA,17,TRUE,FALSE,TRUE,FALSE,FALSE,FALSE
KJV,KJV,KJV,KJV,KJV__Isaiah_35,Isaiah_35,Isaiah,35,Isaiah_1_35,Prophetic,NA,NA,10,TRUE,FALSE,TRUE,FALSE,FALSE,FALSE
KJV,KJV,KJV,KJV,KJV__Isaiah_36,Isaiah_36,Isaiah,36,Isaiah_36_39,Prophetic,NA,NA,22,TRUE,FALSE,TRUE,FALSE,FALSE,FALSE
KJV,KJV,KJV,KJV,KJV__Isaiah_37,Isaiah_37,Isaiah,37,Isaiah_36_39,Prophetic,NA,NA,38,TRUE,FALSE,TRUE,FALSE,FALSE,FALSE
KJV,KJV,KJV,KJV,KJV__Isaiah_38,Isaiah_38,Isaiah,38,Isaiah_36_39,Prophetic,NA,NA,22,TRUE,FALSE,TRUE,FALSE,FALSE,FALSE
KJV,KJV,KJV,KJV,KJV__Isaiah_39,Isaiah_39,Isaiah,39,Isaiah_36_39,Prophetic,NA,NA,8,TRUE,FALSE,TRUE,FALSE,FALSE,FALSE
KJV,KJV,KJV,KJV,KJV__Isaiah_40,Isaiah_40,Isaiah,40,Isaiah_40_55,Prophetic,NA,NA,31,TRUE,FALSE,TRUE,FALSE,FALSE,FALSE
KJV,KJV,KJV,KJV,KJV__Isaiah_41,Isaiah_41,Isaiah,41,Isaiah_40_55,Prophetic,NA,NA,29,TRUE,FALSE,TRUE,FALSE,FALSE,FALSE
KJV,KJV,KJV,KJV,KJV__Isaiah_42,Isaiah_42,Isaiah,42,Isaiah_40_55,Prophetic,NA,NA,25,TRUE,FALSE,TRUE,FALSE,FALSE,FALSE
KJV,KJV,KJV,KJV,KJV__Isaiah_43,Isaiah_43,Isaiah,43,Isaiah_40_55,Prophetic,NA,NA,28,TRUE,FALSE,TRUE,FALSE,FALSE,FALSE
KJV,KJV,KJV,KJV,KJV__Isaiah_44,Isaiah_44,Isaiah,44,Isaiah_40_55,Prophetic,NA,NA,28,TRUE,FALSE,TRUE,FALSE,FALSE,FALSE
KJV,KJV,KJV,KJV,KJV__Isaiah_45,Isaiah_45,Isaiah,45,Isaiah_40_55,Prophetic,NA,NA,25,TRUE,FALSE,TRUE,FALSE,FALSE,FALSE
KJV,KJV,KJV,KJV,KJV__Isaiah_46,Isaiah_46,Isaiah,46,Isaiah_40_55,Prophetic,NA,NA,13,TRUE,FALSE,TRUE,FALSE,FALSE,FALSE
KJV,KJV,KJV,KJV,KJV__Isaiah_47,Isaiah_47,Isaiah,47,Isaiah_40_55,Prophetic,NA,NA,15,TRUE,FALSE,TRUE,FALSE,FALSE,FALSE
KJV,KJV,KJV,KJV,KJV__Isaiah_48,Isaiah_48,Isaiah,48,Isaiah_40_55,Prophetic,NA,NA,22,TRUE,FALSE,TRUE,FALSE,FALSE,FALSE
KJV,KJV,KJV,KJV,KJV__Isaiah_49,Isaiah_49,Isaiah,49,Isaiah_40_55,Prophetic,NA,NA,26,TRUE,FALSE,TRUE,FALSE,FALSE,FALSE
KJV,KJV,KJV,KJV,KJV__Isaiah_50,Isaiah_50,Isaiah,50,Isaiah_40_55,Prophetic,NA,NA,11,TRUE,FALSE,TRUE,FALSE,FALSE,FALSE
KJV,KJV,KJV,KJV,KJV__Isaiah_51,Isaiah_51,Isaiah,51,Isaiah_40_55,Prophetic,NA,NA,23,TRUE,FALSE,TRUE,FALSE,FALSE,FALSE
KJV,KJV,KJV,KJV,KJV__Isaiah_52,Isaiah_52,Isaiah,52,Isaiah_40_55,Prophetic,NA,NA,15,TRUE,FALSE,TRUE,FALSE,FALSE,FALSE
KJV,KJV,KJV,KJV,KJV__Isaiah_53,Isaiah_53,Isaiah,53,Isaiah_40_55,Prophetic,NA,NA,12,TRUE,FALSE,TRUE,FALSE,FALSE,FALSE
KJV,KJV,KJV,KJV,KJV__Isaiah_54,Isaiah_54,Isaiah,54,Isaiah_40_55,Prophetic,NA,NA,17,TRUE,FALSE,TRUE,FALSE,FALSE,FALSE
KJV,KJV,KJV,KJV,KJV__Isaiah_55,Isaiah_55,Isaiah,55,Isaiah_40_55,Prophetic,NA,NA,13,TRUE,FALSE,TRUE,FALSE,FALSE,FALSE
KJV,KJV,KJV,KJV,KJV__Isaiah_56,Isaiah_56,Isaiah,56,Isaiah_56_66,Prophetic,NA,NA,12,TRUE,FALSE,TRUE,FALSE,FALSE,FALSE
KJV,KJV,KJV,KJV,KJV__Isaiah_57,Isaiah_57,Isaiah,57,Isaiah_56_66,Prophetic,NA,NA,21,TRUE,FALSE,TRUE,FALSE,FALSE,FALSE
KJV,KJV,KJV,KJV,KJV__Isaiah_58,Isaiah_58,Isaiah,58,Isaiah_56_66,Prophetic,NA,NA,14,TRUE,FALSE,TRUE,FALSE,FALSE,FALSE
KJV,KJV,KJV,KJV,KJV__Isaiah_59,Isaiah_59,Isaiah,59,Isaiah_56_66,Prophetic,NA,NA,21,TRUE,FALSE,TRUE,FALSE,FALSE,FALSE
KJV,KJV,KJV,KJV,KJV__Isaiah_60,Isaiah_60,Isaiah,60,Isaiah_56_66,Prophetic,NA,NA,22,TRUE,FALSE,TRUE,FALSE,FALSE,FALSE
KJV,KJV,KJV,KJV,KJV__Isaiah_61,Isaiah_61,Isaiah,61,Isaiah_56_66,Prophetic,NA,NA,11,TRUE,FALSE,TRUE,FALSE,FALSE,FALSE
KJV,KJV,KJV,KJV,KJV__Isaiah_62,Isaiah_62,Isaiah,62,Isaiah_56_66,Prophetic,NA,NA,12,TRUE,FALSE,TRUE,FALSE,FALSE,FALSE
KJV,KJV,KJV,KJV,KJV__Isaiah_63,Isaiah_63,Isaiah,63,Isaiah_56_66,Prophetic,NA,NA,19,TRUE,FALSE,TRUE,FALSE,FALSE,FALSE
KJV,KJV,KJV,KJV,KJV__Isaiah_64,Isaiah_64,Isaiah,64,Isaiah_56_66,Prophetic,NA,NA,12,TRUE,FALSE,TRUE,FALSE,FALSE,FALSE
KJV,KJV,KJV,KJV,KJV__Isaiah_65,Isaiah_65,Isaiah,65,Isaiah_56_66,Prophetic,NA,NA,25,TRUE,FALSE,TRUE,FALSE,FALSE,FALSE
KJV,KJV,KJV,KJV,KJV__Isaiah_66,Isaiah_66,Isaiah,66,Isaiah_56_66,Prophetic,NA,NA,24,TRUE,FALSE,TRUE,FALSE,FALSE,FALSE
KJV,KJV,KJV,KJV,KJV__Jeremiah_1,Jeremiah_1,Jeremiah,1,Jeremiah,Prophetic,NA,NA,19,TRUE,FALSE,FALSE,FALSE,FALSE,FALSE
KJV,KJV,KJV,KJV,KJV__Jeremiah_2,Jeremiah_2,Jeremiah,2,Jeremiah,Prophetic,NA,NA,37,TRUE,FALSE,FALSE,FALSE,FALSE,FALSE
KJV,KJV,KJV,KJV,KJV__Jeremiah_3,Jeremiah_3,Jeremiah,3,Jeremiah,Prophetic,NA,NA,25,TRUE,FALSE,FALSE,FALSE,FALSE,FALSE
KJV,KJV,KJV,KJV,KJV__Jeremiah_4,Jeremiah_4,Jeremiah,4,Jeremiah,Prophetic,NA,NA,31,TRUE,FALSE,FALSE,FALSE,FALSE,FALSE
KJV,KJV,KJV,KJV,KJV__Jeremiah_5,Jeremiah_5,Jeremiah,5,Jeremiah,Prophetic,NA,NA,31,TRUE,FALSE,FALSE,FALSE,FALSE,FALSE
KJV,KJV,KJV,KJV,KJV__Jeremiah_6,Jeremiah_6,Jeremiah,6,Jeremiah,Prophetic,NA,NA,30,TRUE,FALSE,FALSE,FALSE,FALSE,FALSE
KJV,KJV,KJV,KJV,KJV__Jeremiah_7,Jeremiah_7,Jeremiah,7,Jeremiah,Prophetic,NA,NA,34,TRUE,FALSE,FALSE,FALSE,FALSE,FALSE
KJV,KJV,KJV,KJV,KJV__Jeremiah_8,Jeremiah_8,Jeremiah,8,Jeremiah,Prophetic,NA,NA,22,TRUE,FALSE,FALSE,FALSE,FALSE,FALSE
KJV,KJV,KJV,KJV,KJV__Jeremiah_9,Jeremiah_9,Jeremiah,9,Jeremiah,Prophetic,NA,NA,26,TRUE,FALSE,FALSE,FALSE,FALSE,FALSE
KJV,KJV,KJV,KJV,KJV__Jeremiah_10,Jeremiah_10,Jeremiah,10,Jeremiah,Prophetic,NA,NA,25,TRUE,FALSE,FALSE,FALSE,FALSE,FALSE
KJV,KJV,KJV,KJV,KJV__Jeremiah_11,Jeremiah_11,Jeremiah,11,Jeremiah,Prophetic,NA,NA,23,TRUE,FALSE,FALSE,FALSE,FALSE,FALSE
KJV,KJV,KJV,KJV,KJV__Jeremiah_12,Jeremiah_12,Jeremiah,12,Jeremiah,Prophetic,NA,NA,17,TRUE,FALSE,FALSE,FALSE,FALSE,FALSE
KJV,KJV,KJV,KJV,KJV__Jeremiah_13,Jeremiah_13,Jeremiah,13,Jeremiah,Prophetic,NA,NA,27,TRUE,FALSE,FALSE,FALSE,FALSE,FALSE
KJV,KJV,KJV,KJV,KJV__Jeremiah_14,Jeremiah_14,Jeremiah,14,Jeremiah,Prophetic,NA,NA,22,TRUE,FALSE,FALSE,FALSE,FALSE,FALSE
KJV,KJV,KJV,KJV,KJV__Jeremiah_15,Jeremiah_15,Jeremiah,15,Jeremiah,Prophetic,NA,NA,21,TRUE,FALSE,FALSE,FALSE,FALSE,FALSE
KJV,KJV,KJV,KJV,KJV__Jeremiah_16,Jeremiah_16,Jeremiah,16,Jeremiah,Prophetic,NA,NA,21,TRUE,FALSE,FALSE,FALSE,FALSE,FALSE
KJV,KJV,KJV,KJV,KJV__Jeremiah_17,Jeremiah_17,Jeremiah,17,Jeremiah,Prophetic,NA,NA,27,TRUE,FALSE,FALSE,FALSE,FALSE,FALSE
KJV,KJV,KJV,KJV,KJV__Jeremiah_18,Jeremiah_18,Jeremiah,18,Jeremiah,Prophetic,NA,NA,23,TRUE,FALSE,FALSE,FALSE,FALSE,FALSE
KJV,KJV,KJV,KJV,KJV__Jeremiah_19,Jeremiah_19,Jeremiah,19,Jeremiah,Prophetic,NA,NA,15,TRUE,FALSE,FALSE,FALSE,FALSE,FALSE
KJV,KJV,KJV,KJV,KJV__Jeremiah_20,Jeremiah_20,Jeremiah,20,Jeremiah,Prophetic,NA,NA,18,TRUE,FALSE,FALSE,FALSE,FALSE,FALSE
KJV,KJV,KJV,KJV,KJV__Jeremiah_21,Jeremiah_21,Jeremiah,21,Jeremiah,Prophetic,NA,NA,14,TRUE,FALSE,FALSE,FALSE,FALSE,FALSE
KJV,KJV,KJV,KJV,KJV__Jeremiah_22,Jeremiah_22,Jeremiah,22,Jeremiah,Prophetic,NA,NA,30,TRUE,FALSE,FALSE,FALSE,FALSE,FALSE
KJV,KJV,KJV,KJV,KJV__Jeremiah_23,Jeremiah_23,Jeremiah,23,Jeremiah,Prophetic,NA,NA,40,TRUE,FALSE,FALSE,FALSE,FALSE,FALSE
KJV,KJV,KJV,KJV,KJV__Jeremiah_24,Jeremiah_24,Jeremiah,24,Jeremiah,Prophetic,NA,NA,10,TRUE,FALSE,FALSE,FALSE,FALSE,FALSE
KJV,KJV,KJV,KJV,KJV__Jeremiah_25,Jeremiah_25,Jeremiah,25,Jeremiah,Prophetic,NA,NA,38,TRUE,FALSE,FALSE,FALSE,FALSE,FALSE
KJV,KJV,KJV,KJV,KJV__Jeremiah_26,Jeremiah_26,Jeremiah,26,Jeremiah,Prophetic,NA,NA,24,TRUE,FALSE,FALSE,FALSE,FALSE,FALSE
KJV,KJV,KJV,KJV,KJV__Jeremiah_27,Jeremiah_27,Jeremiah,27,Jeremiah,Prophetic,NA,NA,22,TRUE,FALSE,FALSE,FALSE,FALSE,FALSE
KJV,KJV,KJV,KJV,KJV__Jeremiah_28,Jeremiah_28,Jeremiah,28,Jeremiah,Prophetic,NA,NA,17,TRUE,FALSE,FALSE,FALSE,FALSE,FALSE
KJV,KJV,KJV,KJV,KJV__Jeremiah_29,Jeremiah_29,Jeremiah,29,Jeremiah,Prophetic,NA,NA,32,TRUE,FALSE,FALSE,FALSE,FALSE,FALSE
KJV,KJV,KJV,KJV,KJV__Jeremiah_30,Jeremiah_30,Jeremiah,30,Jeremiah,Prophetic,NA,NA,24,TRUE,FALSE,FALSE,FALSE,FALSE,FALSE
KJV,KJV,KJV,KJV,KJV__Jeremiah_31,Jeremiah_31,Jeremiah,31,Jeremiah,Prophetic,NA,NA,40,TRUE,FALSE,FALSE,FALSE,FALSE,FALSE
KJV,KJV,KJV,KJV,KJV__Jeremiah_32,Jeremiah_32,Jeremiah,32,Jeremiah,Prophetic,NA,NA,44,TRUE,FALSE,FALSE,FALSE,FALSE,FALSE
KJV,KJV,KJV,KJV,KJV__Jeremiah_33,Jeremiah_33,Jeremiah,33,Jeremiah,Prophetic,NA,NA,26,TRUE,FALSE,FALSE,FALSE,FALSE,FALSE
KJV,KJV,KJV,KJV,KJV__Jeremiah_34,Jeremiah_34,Jeremiah,34,Jeremiah,Prophetic,NA,NA,22,TRUE,FALSE,FALSE,FALSE,FALSE,FALSE
KJV,KJV,KJV,KJV,KJV__Jeremiah_35,Jeremiah_35,Jeremiah,35,Jeremiah,Prophetic,NA,NA,19,TRUE,FALSE,FALSE,FALSE,FALSE,FALSE
KJV,KJV,KJV,KJV,KJV__Jeremiah_36,Jeremiah_36,Jeremiah,36,Jeremiah,Prophetic,NA,NA,32,TRUE,FALSE,FALSE,FALSE,FALSE,FALSE
KJV,KJV,KJV,KJV,KJV__Jeremiah_37,Jeremiah_37,Jeremiah,37,Jeremiah,Prophetic,NA,NA,21,TRUE,FALSE,FALSE,FALSE,FALSE,FALSE
KJV,KJV,KJV,KJV,KJV__Jeremiah_38,Jeremiah_38,Jeremiah,38,Jeremiah,Prophetic,NA,NA,28,TRUE,FALSE,FALSE,FALSE,FALSE,FALSE
KJV,KJV,KJV,KJV,KJV__Jeremiah_39,Jeremiah_39,Jeremiah,39,Jeremiah,Prophetic,NA,NA,18,TRUE,FALSE,FALSE,FALSE,FALSE,FALSE
KJV,KJV,KJV,KJV,KJV__Jeremiah_40,Jeremiah_40,Jeremiah,40,Jeremiah,Prophetic,NA,NA,16,TRUE,FALSE,FALSE,FALSE,FALSE,FALSE
KJV,KJV,KJV,KJV,KJV__Jeremiah_41,Jeremiah_41,Jeremiah,41,Jeremiah,Prophetic,NA,NA,18,TRUE,FALSE,FALSE,FALSE,FALSE,FALSE
KJV,KJV,KJV,KJV,KJV__Jeremiah_42,Jeremiah_42,Jeremiah,42,Jeremiah,Prophetic,NA,NA,22,TRUE,FALSE,FALSE,FALSE,FALSE,FALSE
KJV,KJV,KJV,KJV,KJV__Jeremiah_43,Jeremiah_43,Jeremiah,43,Jeremiah,Prophetic,NA,NA,13,TRUE,FALSE,FALSE,FALSE,FALSE,FALSE
KJV,KJV,KJV,KJV,KJV__Jeremiah_44,Jeremiah_44,Jeremiah,44,Jeremiah,Prophetic,NA,NA,30,TRUE,FALSE,FALSE,FALSE,FALSE,FALSE
KJV,KJV,KJV,KJV,KJV__Jeremiah_45,Jeremiah_45,Jeremiah,45,Jeremiah,Prophetic,NA,NA,5,TRUE,FALSE,FALSE,FALSE,FALSE,FALSE
KJV,KJV,KJV,KJV,KJV__Jeremiah_46,Jeremiah_46,Jeremiah,46,Jeremiah,Prophetic,NA,NA,28,TRUE,FALSE,FALSE,FALSE,FALSE,FALSE
KJV,KJV,KJV,KJV,KJV__Jeremiah_47,Jeremiah_47,Jeremiah,47,Jeremiah,Prophetic,NA,NA,7,TRUE,FALSE,FALSE,FALSE,FALSE,FALSE
KJV,KJV,KJV,KJV,KJV__Jeremiah_48,Jeremiah_48,Jeremiah,48,Jeremiah,Prophetic,NA,NA,47,TRUE,FALSE,FALSE,FALSE,FALSE,FALSE
KJV,KJV,KJV,KJV,KJV__Jeremiah_49,Jeremiah_49,Jeremiah,49,Jeremiah,Prophetic,NA,NA,39,TRUE,FALSE,FALSE,FALSE,FALSE,FALSE
KJV,KJV,KJV,KJV,KJV__Jeremiah_50,Jeremiah_50,Jeremiah,50,Jeremiah,Prophetic,NA,NA,46,TRUE,FALSE,FALSE,FALSE,FALSE,FALSE
KJV,KJV,KJV,KJV,KJV__Jeremiah_51,Jeremiah_51,Jeremiah,51,Jeremiah,Prophetic,NA,NA,64,TRUE,FALSE,FALSE,FALSE,FALSE,FALSE
KJV,KJV,KJV,KJV,KJV__Jeremiah_52,Jeremiah_52,Jeremiah,52,Jeremiah,Prophetic,NA,NA,34,TRUE,FALSE,FALSE,FALSE,FALSE,FALSE
KJV,KJV,KJV,KJV,KJV__Job_1,Job_1,Job,1,Job,Poetic_Wisdom,NA,NA,22,TRUE,FALSE,FALSE,FALSE,FALSE,FALSE
KJV,KJV,KJV,KJV,KJV__Job_2,Job_2,Job,2,Job,Poetic_Wisdom,NA,NA,13,TRUE,FALSE,FALSE,FALSE,FALSE,FALSE
KJV,KJV,KJV,KJV,KJV__Job_3,Job_3,Job,3,Job,Poetic_Wisdom,NA,NA,26,TRUE,FALSE,FALSE,FALSE,FALSE,FALSE
KJV,KJV,KJV,KJV,KJV__Job_4,Job_4,Job,4,Job,Poetic_Wisdom,NA,NA,21,TRUE,FALSE,FALSE,FALSE,FALSE,FALSE
KJV,KJV,KJV,KJV,KJV__Job_5,Job_5,Job,5,Job,Poetic_Wisdom,NA,NA,27,TRUE,FALSE,FALSE,FALSE,FALSE,FALSE
KJV,KJV,KJV,KJV,KJV__Job_6,Job_6,Job,6,Job,Poetic_Wisdom,NA,NA,30,TRUE,FALSE,FALSE,FALSE,FALSE,FALSE
KJV,KJV,KJV,KJV,KJV__Job_7,Job_7,Job,7,Job,Poetic_Wisdom,NA,NA,21,TRUE,FALSE,FALSE,FALSE,FALSE,FALSE
KJV,KJV,KJV,KJV,KJV__Job_8,Job_8,Job,8,Job,Poetic_Wisdom,NA,NA,22,TRUE,FALSE,FALSE,FALSE,FALSE,FALSE
KJV,KJV,KJV,KJV,KJV__Job_9,Job_9,Job,9,Job,Poetic_Wisdom,NA,NA,35,TRUE,FALSE,FALSE,FALSE,FALSE,FALSE
KJV,KJV,KJV,KJV,KJV__Job_10,Job_10,Job,10,Job,Poetic_Wisdom,NA,NA,22,TRUE,FALSE,FALSE,FALSE,FALSE,FALSE
KJV,KJV,KJV,KJV,KJV__Job_11,Job_11,Job,11,Job,Poetic_Wisdom,NA,NA,20,TRUE,FALSE,FALSE,FALSE,FALSE,FALSE
KJV,KJV,KJV,KJV,KJV__Job_12,Job_12,Job,12,Job,Poetic_Wisdom,NA,NA,25,TRUE,FALSE,FALSE,FALSE,FALSE,FALSE
KJV,KJV,KJV,KJV,KJV__Job_13,Job_13,Job,13,Job,Poetic_Wisdom,NA,NA,28,TRUE,FALSE,FALSE,FALSE,FALSE,FALSE
KJV,KJV,KJV,KJV,KJV__Job_14,Job_14,Job,14,Job,Poetic_Wisdom,NA,NA,22,TRUE,FALSE,FALSE,FALSE,FALSE,FALSE
KJV,KJV,KJV,KJV,KJV__Job_15,Job_15,Job,15,Job,Poetic_Wisdom,NA,NA,35,TRUE,FALSE,FALSE,FALSE,FALSE,FALSE
KJV,KJV,KJV,KJV,KJV__Job_16,Job_16,Job,16,Job,Poetic_Wisdom,NA,NA,22,TRUE,FALSE,FALSE,FALSE,FALSE,FALSE
KJV,KJV,KJV,KJV,KJV__Job_17,Job_17,Job,17,Job,Poetic_Wisdom,NA,NA,16,TRUE,FALSE,FALSE,FALSE,FALSE,FALSE
KJV,KJV,KJV,KJV,KJV__Job_18,Job_18,Job,18,Job,Poetic_Wisdom,NA,NA,21,TRUE,FALSE,FALSE,FALSE,FALSE,FALSE
KJV,KJV,KJV,KJV,KJV__Job_19,Job_19,Job,19,Job,Poetic_Wisdom,NA,NA,29,TRUE,FALSE,FALSE,FALSE,FALSE,FALSE
KJV,KJV,KJV,KJV,KJV__Job_20,Job_20,Job,20,Job,Poetic_Wisdom,NA,NA,29,TRUE,FALSE,FALSE,FALSE,FALSE,FALSE
KJV,KJV,KJV,KJV,KJV__Job_21,Job_21,Job,21,Job,Poetic_Wisdom,NA,NA,34,TRUE,FALSE,FALSE,FALSE,FALSE,FALSE
KJV,KJV,KJV,KJV,KJV__Job_22,Job_22,Job,22,Job,Poetic_Wisdom,NA,NA,30,TRUE,FALSE,FALSE,FALSE,FALSE,FALSE
KJV,KJV,KJV,KJV,KJV__Job_23,Job_23,Job,23,Job,Poetic_Wisdom,NA,NA,17,TRUE,FALSE,FALSE,FALSE,FALSE,FALSE
KJV,KJV,KJV,KJV,KJV__Job_24,Job_24,Job,24,Job,Poetic_Wisdom,NA,NA,25,TRUE,FALSE,FALSE,FALSE,FALSE,FALSE
KJV,KJV,KJV,KJV,KJV__Job_25,Job_25,Job,25,Job,Poetic_Wisdom,NA,NA,6,TRUE,FALSE,FALSE,FALSE,FALSE,FALSE
KJV,KJV,KJV,KJV,KJV__Job_26,Job_26,Job,26,Job,Poetic_Wisdom,NA,NA,14,TRUE,FALSE,FALSE,FALSE,FALSE,FALSE
KJV,KJV,KJV,KJV,KJV__Job_27,Job_27,Job,27,Job,Poetic_Wisdom,NA,NA,23,TRUE,FALSE,FALSE,FALSE,FALSE,FALSE
KJV,KJV,KJV,KJV,KJV__Job_28,Job_28,Job,28,Job,Poetic_Wisdom,NA,NA,28,TRUE,FALSE,FALSE,FALSE,FALSE,FALSE
KJV,KJV,KJV,KJV,KJV__Job_29,Job_29,Job,29,Job,Poetic_Wisdom,NA,NA,25,TRUE,FALSE,FALSE,FALSE,FALSE,FALSE
KJV,KJV,KJV,KJV,KJV__Job_30,Job_30,Job,30,Job,Poetic_Wisdom,NA,NA,31,TRUE,FALSE,FALSE,FALSE,FALSE,FALSE
KJV,KJV,KJV,KJV,KJV__Job_31,Job_31,Job,31,Job,Poetic_Wisdom,NA,NA,40,TRUE,FALSE,FALSE,FALSE,FALSE,FALSE
KJV,KJV,KJV,KJV,KJV__Job_32,Job_32,Job,32,Job,Poetic_Wisdom,NA,NA,22,TRUE,FALSE,FALSE,FALSE,FALSE,FALSE
KJV,KJV,KJV,KJV,KJV__Job_33,Job_33,Job,33,Job,Poetic_Wisdom,NA,NA,33,TRUE,FALSE,FALSE,FALSE,FALSE,FALSE
KJV,KJV,KJV,KJV,KJV__Job_34,Job_34,Job,34,Job,Poetic_Wisdom,NA,NA,37,TRUE,FALSE,FALSE,FALSE,FALSE,FALSE
KJV,KJV,KJV,KJV,KJV__Job_35,Job_35,Job,35,Job,Poetic_Wisdom,NA,NA,16,TRUE,FALSE,FALSE,FALSE,FALSE,FALSE
KJV,KJV,KJV,KJV,KJV__Job_36,Job_36,Job,36,Job,Poetic_Wisdom,NA,NA,33,TRUE,FALSE,FALSE,FALSE,FALSE,FALSE
KJV,KJV,KJV,KJV,KJV__Job_37,Job_37,Job,37,Job,Poetic_Wisdom,NA,NA,24,TRUE,FALSE,FALSE,FALSE,FALSE,FALSE
KJV,KJV,KJV,KJV,KJV__Job_38,Job_38,Job,38,Job,Poetic_Wisdom,NA,NA,41,TRUE,FALSE,FALSE,FALSE,FALSE,FALSE
KJV,KJV,KJV,KJV,KJV__Job_39,Job_39,Job,39,Job,Poetic_Wisdom,NA,NA,30,TRUE,FALSE,FALSE,FALSE,FALSE,FALSE
KJV,KJV,KJV,KJV,KJV__Job_40,Job_40,Job,40,Job,Poetic_Wisdom,NA,NA,24,TRUE,FALSE,FALSE,FALSE,FALSE,FALSE
KJV,KJV,KJV,KJV,KJV__Job_41,Job_41,Job,41,Job,Poetic_Wisdom,NA,NA,34,TRUE,FALSE,FALSE,FALSE,FALSE,FALSE
KJV,KJV,KJV,KJV,KJV__Job_42,Job_42,Job,42,Job,Poetic_Wisdom,NA,NA,17,TRUE,FALSE,FALSE,FALSE,FALSE,FALSE
KJV,KJV,KJV,KJV,KJV__Proverbs_1,Proverbs_1,Proverbs,1,Proverbs,Poetic_Wisdom,NA,NA,33,TRUE,FALSE,FALSE,FALSE,FALSE,FALSE
KJV,KJV,KJV,KJV,KJV__Proverbs_2,Proverbs_2,Proverbs,2,Proverbs,Poetic_Wisdom,NA,NA,22,TRUE,FALSE,FALSE,FALSE,FALSE,FALSE
KJV,KJV,KJV,KJV,KJV__Proverbs_3,Proverbs_3,Proverbs,3,Proverbs,Poetic_Wisdom,NA,NA,35,TRUE,FALSE,FALSE,FALSE,FALSE,FALSE
KJV,KJV,KJV,KJV,KJV__Proverbs_4,Proverbs_4,Proverbs,4,Proverbs,Poetic_Wisdom,NA,NA,27,TRUE,FALSE,FALSE,FALSE,FALSE,FALSE
KJV,KJV,KJV,KJV,KJV__Proverbs_5,Proverbs_5,Proverbs,5,Proverbs,Poetic_Wisdom,NA,NA,23,TRUE,FALSE,FALSE,FALSE,FALSE,FALSE
KJV,KJV,KJV,KJV,KJV__Proverbs_6,Proverbs_6,Proverbs,6,Proverbs,Poetic_Wisdom,NA,NA,35,TRUE,FALSE,FALSE,FALSE,FALSE,FALSE
KJV,KJV,KJV,KJV,KJV__Proverbs_7,Proverbs_7,Proverbs,7,Proverbs,Poetic_Wisdom,NA,NA,27,TRUE,FALSE,FALSE,FALSE,FALSE,FALSE
KJV,KJV,KJV,KJV,KJV__Proverbs_8,Proverbs_8,Proverbs,8,Proverbs,Poetic_Wisdom,NA,NA,36,TRUE,FALSE,FALSE,FALSE,FALSE,FALSE
KJV,KJV,KJV,KJV,KJV__Proverbs_9,Proverbs_9,Proverbs,9,Proverbs,Poetic_Wisdom,NA,NA,18,TRUE,FALSE,FALSE,FALSE,FALSE,FALSE
KJV,KJV,KJV,KJV,KJV__Proverbs_10,Proverbs_10,Proverbs,10,Proverbs,Poetic_Wisdom,NA,NA,32,TRUE,FALSE,FALSE,FALSE,FALSE,FALSE
KJV,KJV,KJV,KJV,KJV__Proverbs_11,Proverbs_11,Proverbs,11,Proverbs,Poetic_Wisdom,NA,NA,31,TRUE,FALSE,FALSE,FALSE,FALSE,FALSE
KJV,KJV,KJV,KJV,KJV__Proverbs_12,Proverbs_12,Proverbs,12,Proverbs,Poetic_Wisdom,NA,NA,28,TRUE,FALSE,FALSE,FALSE,FALSE,FALSE
KJV,KJV,KJV,KJV,KJV__Proverbs_13,Proverbs_13,Proverbs,13,Proverbs,Poetic_Wisdom,NA,NA,25,TRUE,FALSE,FALSE,FALSE,FALSE,FALSE
KJV,KJV,KJV,KJV,KJV__Proverbs_14,Proverbs_14,Proverbs,14,Proverbs,Poetic_Wisdom,NA,NA,35,TRUE,FALSE,FALSE,FALSE,FALSE,FALSE
KJV,KJV,KJV,KJV,KJV__Proverbs_15,Proverbs_15,Proverbs,15,Proverbs,Poetic_Wisdom,NA,NA,33,TRUE,FALSE,FALSE,FALSE,FALSE,FALSE
KJV,KJV,KJV,KJV,KJV__Proverbs_16,Proverbs_16,Proverbs,16,Proverbs,Poetic_Wisdom,NA,NA,33,TRUE,FALSE,FALSE,FALSE,FALSE,FALSE
KJV,KJV,KJV,KJV,KJV__Proverbs_17,Proverbs_17,Proverbs,17,Proverbs,Poetic_Wisdom,NA,NA,28,TRUE,FALSE,FALSE,FALSE,FALSE,FALSE
KJV,KJV,KJV,KJV,KJV__Proverbs_18,Proverbs_18,Proverbs,18,Proverbs,Poetic_Wisdom,NA,NA,24,TRUE,FALSE,FALSE,FALSE,FALSE,FALSE
KJV,KJV,KJV,KJV,KJV__Proverbs_19,Proverbs_19,Proverbs,19,Proverbs,Poetic_Wisdom,NA,NA,29,TRUE,FALSE,FALSE,FALSE,FALSE,FALSE
KJV,KJV,KJV,KJV,KJV__Proverbs_20,Proverbs_20,Proverbs,20,Proverbs,Poetic_Wisdom,NA,NA,30,TRUE,FALSE,FALSE,FALSE,FALSE,FALSE
KJV,KJV,KJV,KJV,KJV__Proverbs_21,Proverbs_21,Proverbs,21,Proverbs,Poetic_Wisdom,NA,NA,31,TRUE,FALSE,FALSE,FALSE,FALSE,FALSE
KJV,KJV,KJV,KJV,KJV__Proverbs_22,Proverbs_22,Proverbs,22,Proverbs,Poetic_Wisdom,NA,NA,29,TRUE,FALSE,FALSE,FALSE,FALSE,FALSE
KJV,KJV,KJV,KJV,KJV__Proverbs_23,Proverbs_23,Proverbs,23,Proverbs,Poetic_Wisdom,NA,NA,35,TRUE,FALSE,FALSE,FALSE,FALSE,FALSE
KJV,KJV,KJV,KJV,KJV__Proverbs_24,Proverbs_24,Proverbs,24,Proverbs,Poetic_Wisdom,NA,NA,34,TRUE,FALSE,FALSE,FALSE,FALSE,FALSE
KJV,KJV,KJV,KJV,KJV__Proverbs_25,Proverbs_25,Proverbs,25,Proverbs,Poetic_Wisdom,NA,NA,28,TRUE,FALSE,FALSE,FALSE,FALSE,FALSE
KJV,KJV,KJV,KJV,KJV__Proverbs_26,Proverbs_26,Proverbs,26,Proverbs,Poetic_Wisdom,NA,NA,28,TRUE,FALSE,FALSE,FALSE,FALSE,FALSE
KJV,KJV,KJV,KJV,KJV__Proverbs_27,Proverbs_27,Proverbs,27,Proverbs,Poetic_Wisdom,NA,NA,27,TRUE,FALSE,FALSE,FALSE,FALSE,FALSE
KJV,KJV,KJV,KJV,KJV__Proverbs_28,Proverbs_28,Proverbs,28,Proverbs,Poetic_Wisdom,NA,NA,28,TRUE,FALSE,FALSE,FALSE,FALSE,FALSE
KJV,KJV,KJV,KJV,KJV__Proverbs_29,Proverbs_29,Proverbs,29,Proverbs,Poetic_Wisdom,NA,NA,27,TRUE,FALSE,FALSE,FALSE,FALSE,FALSE
KJV,KJV,KJV,KJV,KJV__Proverbs_30,Proverbs_30,Proverbs,30,Proverbs,Poetic_Wisdom,NA,NA,33,TRUE,FALSE,FALSE,FALSE,FALSE,FALSE
KJV,KJV,KJV,KJV,KJV__Proverbs_31,Proverbs_31,Proverbs,31,Proverbs,Poetic_Wisdom,NA,NA,31,TRUE,FALSE,FALSE,FALSE,FALSE,FALSE
KJV,KJV,KJV,KJV,KJV__Psalms_1,Psalms_1,Psalms,1,Psalms,Poetic_Wisdom,NA,NA,6,TRUE,FALSE,FALSE,FALSE,FALSE,FALSE
KJV,KJV,KJV,KJV,KJV__Psalms_2,Psalms_2,Psalms,2,Psalms,Poetic_Wisdom,NA,NA,12,TRUE,FALSE,FALSE,FALSE,FALSE,FALSE
KJV,KJV,KJV,KJV,KJV__Psalms_3,Psalms_3,Psalms,3,Psalms,Poetic_Wisdom,NA,NA,8,TRUE,FALSE,FALSE,FALSE,FALSE,FALSE
KJV,KJV,KJV,KJV,KJV__Psalms_4,Psalms_4,Psalms,4,Psalms,Poetic_Wisdom,NA,NA,8,TRUE,FALSE,FALSE,FALSE,FALSE,FALSE
KJV,KJV,KJV,KJV,KJV__Psalms_5,Psalms_5,Psalms,5,Psalms,Poetic_Wisdom,NA,NA,12,TRUE,FALSE,FALSE,FALSE,FALSE,FALSE
KJV,KJV,KJV,KJV,KJV__Psalms_6,Psalms_6,Psalms,6,Psalms,Poetic_Wisdom,NA,NA,10,TRUE,FALSE,FALSE,FALSE,FALSE,FALSE
KJV,KJV,KJV,KJV,KJV__Psalms_7,Psalms_7,Psalms,7,Psalms,Poetic_Wisdom,NA,NA,17,TRUE,FALSE,FALSE,FALSE,FALSE,FALSE
KJV,KJV,KJV,KJV,KJV__Psalms_8,Psalms_8,Psalms,8,Psalms,Poetic_Wisdom,NA,NA,9,TRUE,FALSE,FALSE,FALSE,FALSE,FALSE
KJV,KJV,KJV,KJV,KJV__Psalms_9,Psalms_9,Psalms,9,Psalms,Poetic_Wisdom,NA,NA,20,TRUE,FALSE,FALSE,FALSE,FALSE,FALSE
KJV,KJV,KJV,KJV,KJV__Psalms_10,Psalms_10,Psalms,10,Psalms,Poetic_Wisdom,NA,NA,18,TRUE,FALSE,FALSE,FALSE,FALSE,FALSE
KJV,KJV,KJV,KJV,KJV__Psalms_11,Psalms_11,Psalms,11,Psalms,Poetic_Wisdom,NA,NA,7,TRUE,FALSE,FALSE,FALSE,FALSE,FALSE
KJV,KJV,KJV,KJV,KJV__Psalms_12,Psalms_12,Psalms,12,Psalms,Poetic_Wisdom,NA,NA,8,TRUE,FALSE,FALSE,FALSE,FALSE,FALSE
KJV,KJV,KJV,KJV,KJV__Psalms_13,Psalms_13,Psalms,13,Psalms,Poetic_Wisdom,NA,NA,6,TRUE,FALSE,FALSE,FALSE,FALSE,FALSE
KJV,KJV,KJV,KJV,KJV__Psalms_14,Psalms_14,Psalms,14,Psalms,Poetic_Wisdom,NA,NA,7,TRUE,FALSE,FALSE,FALSE,FALSE,FALSE
KJV,KJV,KJV,KJV,KJV__Psalms_15,Psalms_15,Psalms,15,Psalms,Poetic_Wisdom,NA,NA,5,TRUE,FALSE,FALSE,FALSE,FALSE,FALSE
KJV,KJV,KJV,KJV,KJV__Psalms_16,Psalms_16,Psalms,16,Psalms,Poetic_Wisdom,NA,NA,11,TRUE,FALSE,FALSE,FALSE,FALSE,FALSE
KJV,KJV,KJV,KJV,KJV__Psalms_17,Psalms_17,Psalms,17,Psalms,Poetic_Wisdom,NA,NA,15,TRUE,FALSE,FALSE,FALSE,FALSE,FALSE
KJV,KJV,KJV,KJV,KJV__Psalms_18,Psalms_18,Psalms,18,Psalms,Poetic_Wisdom,NA,NA,50,TRUE,FALSE,FALSE,FALSE,FALSE,FALSE
KJV,KJV,KJV,KJV,KJV__Psalms_19,Psalms_19,Psalms,19,Psalms,Poetic_Wisdom,NA,NA,14,TRUE,FALSE,FALSE,FALSE,FALSE,FALSE
KJV,KJV,KJV,KJV,KJV__Psalms_20,Psalms_20,Psalms,20,Psalms,Poetic_Wisdom,NA,NA,9,TRUE,FALSE,FALSE,FALSE,FALSE,FALSE
KJV,KJV,KJV,KJV,KJV__Psalms_21,Psalms_21,Psalms,21,Psalms,Poetic_Wisdom,NA,NA,13,TRUE,FALSE,FALSE,FALSE,FALSE,FALSE
KJV,KJV,KJV,KJV,KJV__Psalms_22,Psalms_22,Psalms,22,Psalms,Poetic_Wisdom,NA,NA,31,TRUE,FALSE,FALSE,FALSE,FALSE,FALSE
KJV,KJV,KJV,KJV,KJV__Psalms_23,Psalms_23,Psalms,23,Psalms,Poetic_Wisdom,NA,NA,6,TRUE,FALSE,FALSE,FALSE,FALSE,FALSE
KJV,KJV,KJV,KJV,KJV__Psalms_24,Psalms_24,Psalms,24,Psalms,Poetic_Wisdom,NA,NA,10,TRUE,FALSE,FALSE,FALSE,FALSE,FALSE
KJV,KJV,KJV,KJV,KJV__Psalms_25,Psalms_25,Psalms,25,Psalms,Poetic_Wisdom,NA,NA,22,TRUE,FALSE,FALSE,FALSE,FALSE,FALSE
KJV,KJV,KJV,KJV,KJV__Psalms_26,Psalms_26,Psalms,26,Psalms,Poetic_Wisdom,NA,NA,12,TRUE,FALSE,FALSE,FALSE,FALSE,FALSE
KJV,KJV,KJV,KJV,KJV__Psalms_27,Psalms_27,Psalms,27,Psalms,Poetic_Wisdom,NA,NA,14,TRUE,FALSE,FALSE,FALSE,FALSE,FALSE
KJV,KJV,KJV,KJV,KJV__Psalms_28,Psalms_28,Psalms,28,Psalms,Poetic_Wisdom,NA,NA,9,TRUE,FALSE,FALSE,FALSE,FALSE,FALSE
KJV,KJV,KJV,KJV,KJV__Psalms_29,Psalms_29,Psalms,29,Psalms,Poetic_Wisdom,NA,NA,11,TRUE,FALSE,FALSE,FALSE,FALSE,FALSE
KJV,KJV,KJV,KJV,KJV__Psalms_30,Psalms_30,Psalms,30,Psalms,Poetic_Wisdom,NA,NA,12,TRUE,FALSE,FALSE,FALSE,FALSE,FALSE
KJV,KJV,KJV,KJV,KJV__Psalms_31,Psalms_31,Psalms,31,Psalms,Poetic_Wisdom,NA,NA,24,TRUE,FALSE,FALSE,FALSE,FALSE,FALSE
KJV,KJV,KJV,KJV,KJV__Psalms_32,Psalms_32,Psalms,32,Psalms,Poetic_Wisdom,NA,NA,11,TRUE,FALSE,FALSE,FALSE,FALSE,FALSE
KJV,KJV,KJV,KJV,KJV__Psalms_33,Psalms_33,Psalms,33,Psalms,Poetic_Wisdom,NA,NA,22,TRUE,FALSE,FALSE,FALSE,FALSE,FALSE
KJV,KJV,KJV,KJV,KJV__Psalms_34,Psalms_34,Psalms,34,Psalms,Poetic_Wisdom,NA,NA,22,TRUE,FALSE,FALSE,FALSE,FALSE,FALSE
KJV,KJV,KJV,KJV,KJV__Psalms_35,Psalms_35,Psalms,35,Psalms,Poetic_Wisdom,NA,NA,28,TRUE,FALSE,FALSE,FALSE,FALSE,FALSE
KJV,KJV,KJV,KJV,KJV__Psalms_36,Psalms_36,Psalms,36,Psalms,Poetic_Wisdom,NA,NA,12,TRUE,FALSE,FALSE,FALSE,FALSE,FALSE
KJV,KJV,KJV,KJV,KJV__Psalms_37,Psalms_37,Psalms,37,Psalms,Poetic_Wisdom,NA,NA,40,TRUE,FALSE,FALSE,FALSE,FALSE,FALSE
KJV,KJV,KJV,KJV,KJV__Psalms_38,Psalms_38,Psalms,38,Psalms,Poetic_Wisdom,NA,NA,22,TRUE,FALSE,FALSE,FALSE,FALSE,FALSE
KJV,KJV,KJV,KJV,KJV__Psalms_39,Psalms_39,Psalms,39,Psalms,Poetic_Wisdom,NA,NA,13,TRUE,FALSE,FALSE,FALSE,FALSE,FALSE
KJV,KJV,KJV,KJV,KJV__Psalms_40,Psalms_40,Psalms,40,Psalms,Poetic_Wisdom,NA,NA,17,TRUE,FALSE,FALSE,FALSE,FALSE,FALSE
KJV,KJV,KJV,KJV,KJV__Psalms_41,Psalms_41,Psalms,41,Psalms,Poetic_Wisdom,NA,NA,13,TRUE,FALSE,FALSE,FALSE,FALSE,FALSE
KJV,KJV,KJV,KJV,KJV__Psalms_42,Psalms_42,Psalms,42,Psalms,Poetic_Wisdom,NA,NA,11,TRUE,FALSE,FALSE,FALSE,FALSE,FALSE
KJV,KJV,KJV,KJV,KJV__Psalms_43,Psalms_43,Psalms,43,Psalms,Poetic_Wisdom,NA,NA,5,TRUE,FALSE,FALSE,FALSE,FALSE,FALSE
KJV,KJV,KJV,KJV,KJV__Psalms_44,Psalms_44,Psalms,44,Psalms,Poetic_Wisdom,NA,NA,26,TRUE,FALSE,FALSE,FALSE,FALSE,FALSE
KJV,KJV,KJV,KJV,KJV__Psalms_45,Psalms_45,Psalms,45,Psalms,Poetic_Wisdom,NA,NA,17,TRUE,FALSE,FALSE,FALSE,FALSE,FALSE
KJV,KJV,KJV,KJV,KJV__Psalms_46,Psalms_46,Psalms,46,Psalms,Poetic_Wisdom,NA,NA,11,TRUE,FALSE,FALSE,FALSE,FALSE,FALSE
KJV,KJV,KJV,KJV,KJV__Psalms_47,Psalms_47,Psalms,47,Psalms,Poetic_Wisdom,NA,NA,9,TRUE,FALSE,FALSE,FALSE,FALSE,FALSE
KJV,KJV,KJV,KJV,KJV__Psalms_48,Psalms_48,Psalms,48,Psalms,Poetic_Wisdom,NA,NA,14,TRUE,FALSE,FALSE,FALSE,FALSE,FALSE
KJV,KJV,KJV,KJV,KJV__Psalms_49,Psalms_49,Psalms,49,Psalms,Poetic_Wisdom,NA,NA,20,TRUE,FALSE,FALSE,FALSE,FALSE,FALSE
KJV,KJV,KJV,KJV,KJV__Psalms_50,Psalms_50,Psalms,50,Psalms,Poetic_Wisdom,NA,NA,23,TRUE,FALSE,FALSE,FALSE,FALSE,FALSE
KJV,KJV,KJV,KJV,KJV__Psalms_51,Psalms_51,Psalms,51,Psalms,Poetic_Wisdom,NA,NA,19,TRUE,FALSE,FALSE,FALSE,FALSE,FALSE
KJV,KJV,KJV,KJV,KJV__Psalms_52,Psalms_52,Psalms,52,Psalms,Poetic_Wisdom,NA,NA,9,TRUE,FALSE,FALSE,FALSE,FALSE,FALSE
KJV,KJV,KJV,KJV,KJV__Psalms_53,Psalms_53,Psalms,53,Psalms,Poetic_Wisdom,NA,NA,6,TRUE,FALSE,FALSE,FALSE,FALSE,FALSE
KJV,KJV,KJV,KJV,KJV__Psalms_54,Psalms_54,Psalms,54,Psalms,Poetic_Wisdom,NA,NA,7,TRUE,FALSE,FALSE,FALSE,FALSE,FALSE
KJV,KJV,KJV,KJV,KJV__Psalms_55,Psalms_55,Psalms,55,Psalms,Poetic_Wisdom,NA,NA,23,TRUE,FALSE,FALSE,FALSE,FALSE,FALSE
KJV,KJV,KJV,KJV,KJV__Psalms_56,Psalms_56,Psalms,56,Psalms,Poetic_Wisdom,NA,NA,13,TRUE,FALSE,FALSE,FALSE,FALSE,FALSE
KJV,KJV,KJV,KJV,KJV__Psalms_57,Psalms_57,Psalms,57,Psalms,Poetic_Wisdom,NA,NA,11,TRUE,FALSE,FALSE,FALSE,FALSE,FALSE
KJV,KJV,KJV,KJV,KJV__Psalms_58,Psalms_58,Psalms,58,Psalms,Poetic_Wisdom,NA,NA,11,TRUE,FALSE,FALSE,FALSE,FALSE,FALSE
KJV,KJV,KJV,KJV,KJV__Psalms_59,Psalms_59,Psalms,59,Psalms,Poetic_Wisdom,NA,NA,17,TRUE,FALSE,FALSE,FALSE,FALSE,FALSE
KJV,KJV,KJV,KJV,KJV__Psalms_60,Psalms_60,Psalms,60,Psalms,Poetic_Wisdom,NA,NA,12,TRUE,FALSE,FALSE,FALSE,FALSE,FALSE
KJV,KJV,KJV,KJV,KJV__Psalms_61,Psalms_61,Psalms,61,Psalms,Poetic_Wisdom,NA,NA,8,TRUE,FALSE,FALSE,FALSE,FALSE,FALSE
KJV,KJV,KJV,KJV,KJV__Psalms_62,Psalms_62,Psalms,62,Psalms,Poetic_Wisdom,NA,NA,12,TRUE,FALSE,FALSE,FALSE,FALSE,FALSE
KJV,KJV,KJV,KJV,KJV__Psalms_63,Psalms_63,Psalms,63,Psalms,Poetic_Wisdom,NA,NA,11,TRUE,FALSE,FALSE,FALSE,FALSE,FALSE
KJV,KJV,KJV,KJV,KJV__Psalms_64,Psalms_64,Psalms,64,Psalms,Poetic_Wisdom,NA,NA,10,TRUE,FALSE,FALSE,FALSE,FALSE,FALSE
KJV,KJV,KJV,KJV,KJV__Psalms_65,Psalms_65,Psalms,65,Psalms,Poetic_Wisdom,NA,NA,13,TRUE,FALSE,FALSE,FALSE,FALSE,FALSE
KJV,KJV,KJV,KJV,KJV__Psalms_66,Psalms_66,Psalms,66,Psalms,Poetic_Wisdom,NA,NA,20,TRUE,FALSE,FALSE,FALSE,FALSE,FALSE
KJV,KJV,KJV,KJV,KJV__Psalms_67,Psalms_67,Psalms,67,Psalms,Poetic_Wisdom,NA,NA,7,TRUE,FALSE,FALSE,FALSE,FALSE,FALSE
KJV,KJV,KJV,KJV,KJV__Psalms_68,Psalms_68,Psalms,68,Psalms,Poetic_Wisdom,NA,NA,35,TRUE,FALSE,FALSE,FALSE,FALSE,FALSE
KJV,KJV,KJV,KJV,KJV__Psalms_69,Psalms_69,Psalms,69,Psalms,Poetic_Wisdom,NA,NA,36,TRUE,FALSE,FALSE,FALSE,FALSE,FALSE
KJV,KJV,KJV,KJV,KJV__Psalms_70,Psalms_70,Psalms,70,Psalms,Poetic_Wisdom,NA,NA,5,TRUE,FALSE,FALSE,FALSE,FALSE,FALSE
KJV,KJV,KJV,KJV,KJV__Psalms_71,Psalms_71,Psalms,71,Psalms,Poetic_Wisdom,NA,NA,24,TRUE,FALSE,FALSE,FALSE,FALSE,FALSE
KJV,KJV,KJV,KJV,KJV__Psalms_72,Psalms_72,Psalms,72,Psalms,Poetic_Wisdom,NA,NA,20,TRUE,FALSE,FALSE,FALSE,FALSE,FALSE
KJV,KJV,KJV,KJV,KJV__Psalms_73,Psalms_73,Psalms,73,Psalms,Poetic_Wisdom,NA,NA,28,TRUE,FALSE,FALSE,FALSE,FALSE,FALSE
KJV,KJV,KJV,KJV,KJV__Psalms_74,Psalms_74,Psalms,74,Psalms,Poetic_Wisdom,NA,NA,23,TRUE,FALSE,FALSE,FALSE,FALSE,FALSE
KJV,KJV,KJV,KJV,KJV__Psalms_75,Psalms_75,Psalms,75,Psalms,Poetic_Wisdom,NA,NA,10,TRUE,FALSE,FALSE,FALSE,FALSE,FALSE
KJV,KJV,KJV,KJV,KJV__Psalms_76,Psalms_76,Psalms,76,Psalms,Poetic_Wisdom,NA,NA,12,TRUE,FALSE,FALSE,FALSE,FALSE,FALSE
KJV,KJV,KJV,KJV,KJV__Psalms_77,Psalms_77,Psalms,77,Psalms,Poetic_Wisdom,NA,NA,20,TRUE,FALSE,FALSE,FALSE,FALSE,FALSE
KJV,KJV,KJV,KJV,KJV__Psalms_78,Psalms_78,Psalms,78,Psalms,Poetic_Wisdom,NA,NA,72,TRUE,FALSE,FALSE,FALSE,FALSE,FALSE
KJV,KJV,KJV,KJV,KJV__Psalms_79,Psalms_79,Psalms,79,Psalms,Poetic_Wisdom,NA,NA,13,TRUE,FALSE,FALSE,FALSE,FALSE,FALSE
KJV,KJV,KJV,KJV,KJV__Psalms_80,Psalms_80,Psalms,80,Psalms,Poetic_Wisdom,NA,NA,19,TRUE,FALSE,FALSE,FALSE,FALSE,FALSE
KJV,KJV,KJV,KJV,KJV__Psalms_81,Psalms_81,Psalms,81,Psalms,Poetic_Wisdom,NA,NA,16,TRUE,FALSE,FALSE,FALSE,FALSE,FALSE
KJV,KJV,KJV,KJV,KJV__Psalms_82,Psalms_82,Psalms,82,Psalms,Poetic_Wisdom,NA,NA,8,TRUE,FALSE,FALSE,FALSE,FALSE,FALSE
KJV,KJV,KJV,KJV,KJV__Psalms_83,Psalms_83,Psalms,83,Psalms,Poetic_Wisdom,NA,NA,18,TRUE,FALSE,FALSE,FALSE,FALSE,FALSE
KJV,KJV,KJV,KJV,KJV__Psalms_84,Psalms_84,Psalms,84,Psalms,Poetic_Wisdom,NA,NA,12,TRUE,FALSE,FALSE,FALSE,FALSE,FALSE
KJV,KJV,KJV,KJV,KJV__Psalms_85,Psalms_85,Psalms,85,Psalms,Poetic_Wisdom,NA,NA,13,TRUE,FALSE,FALSE,FALSE,FALSE,FALSE
KJV,KJV,KJV,KJV,KJV__Psalms_86,Psalms_86,Psalms,86,Psalms,Poetic_Wisdom,NA,NA,17,TRUE,FALSE,FALSE,FALSE,FALSE,FALSE
KJV,KJV,KJV,KJV,KJV__Psalms_87,Psalms_87,Psalms,87,Psalms,Poetic_Wisdom,NA,NA,7,TRUE,FALSE,FALSE,FALSE,FALSE,FALSE
KJV,KJV,KJV,KJV,KJV__Psalms_88,Psalms_88,Psalms,88,Psalms,Poetic_Wisdom,NA,NA,18,TRUE,FALSE,FALSE,FALSE,FALSE,FALSE
KJV,KJV,KJV,KJV,KJV__Psalms_89,Psalms_89,Psalms,89,Psalms,Poetic_Wisdom,NA,NA,52,TRUE,FALSE,FALSE,FALSE,FALSE,FALSE
KJV,KJV,KJV,KJV,KJV__Psalms_90,Psalms_90,Psalms,90,Psalms,Poetic_Wisdom,NA,NA,17,TRUE,FALSE,FALSE,FALSE,FALSE,FALSE
KJV,KJV,KJV,KJV,KJV__Psalms_91,Psalms_91,Psalms,91,Psalms,Poetic_Wisdom,NA,NA,16,TRUE,FALSE,FALSE,FALSE,FALSE,FALSE
KJV,KJV,KJV,KJV,KJV__Psalms_92,Psalms_92,Psalms,92,Psalms,Poetic_Wisdom,NA,NA,15,TRUE,FALSE,FALSE,FALSE,FALSE,FALSE
KJV,KJV,KJV,KJV,KJV__Psalms_93,Psalms_93,Psalms,93,Psalms,Poetic_Wisdom,NA,NA,5,TRUE,FALSE,FALSE,FALSE,FALSE,FALSE
KJV,KJV,KJV,KJV,KJV__Psalms_94,Psalms_94,Psalms,94,Psalms,Poetic_Wisdom,NA,NA,23,TRUE,FALSE,FALSE,FALSE,FALSE,FALSE
KJV,KJV,KJV,KJV,KJV__Psalms_95,Psalms_95,Psalms,95,Psalms,Poetic_Wisdom,NA,NA,11,TRUE,FALSE,FALSE,FALSE,FALSE,FALSE
KJV,KJV,KJV,KJV,KJV__Psalms_96,Psalms_96,Psalms,96,Psalms,Poetic_Wisdom,NA,NA,13,TRUE,FALSE,FALSE,FALSE,FALSE,FALSE
KJV,KJV,KJV,KJV,KJV__Psalms_97,Psalms_97,Psalms,97,Psalms,Poetic_Wisdom,NA,NA,12,TRUE,FALSE,FALSE,FALSE,FALSE,FALSE
KJV,KJV,KJV,KJV,KJV__Psalms_98,Psalms_98,Psalms,98,Psalms,Poetic_Wisdom,NA,NA,9,TRUE,FALSE,FALSE,FALSE,FALSE,FALSE
KJV,KJV,KJV,KJV,KJV__Psalms_99,Psalms_99,Psalms,99,Psalms,Poetic_Wisdom,NA,NA,9,TRUE,FALSE,FALSE,FALSE,FALSE,FALSE
KJV,KJV,KJV,KJV,KJV__Psalms_100,Psalms_100,Psalms,100,Psalms,Poetic_Wisdom,NA,NA,5,TRUE,FALSE,FALSE,FALSE,FALSE,FALSE
KJV,KJV,KJV,KJV,KJV__Psalms_101,Psalms_101,Psalms,101,Psalms,Poetic_Wisdom,NA,NA,8,TRUE,FALSE,FALSE,FALSE,FALSE,FALSE
KJV,KJV,KJV,KJV,KJV__Psalms_102,Psalms_102,Psalms,102,Psalms,Poetic_Wisdom,NA,NA,28,TRUE,FALSE,FALSE,FALSE,FALSE,FALSE
KJV,KJV,KJV,KJV,KJV__Psalms_103,Psalms_103,Psalms,103,Psalms,Poetic_Wisdom,NA,NA,22,TRUE,FALSE,FALSE,FALSE,FALSE,FALSE
KJV,KJV,KJV,KJV,KJV__Psalms_104,Psalms_104,Psalms,104,Psalms,Poetic_Wisdom,NA,NA,35,TRUE,FALSE,FALSE,FALSE,FALSE,FALSE
KJV,KJV,KJV,KJV,KJV__Psalms_105,Psalms_105,Psalms,105,Psalms,Poetic_Wisdom,NA,NA,45,TRUE,FALSE,FALSE,FALSE,FALSE,FALSE
KJV,KJV,KJV,KJV,KJV__Psalms_106,Psalms_106,Psalms,106,Psalms,Poetic_Wisdom,NA,NA,48,TRUE,FALSE,FALSE,FALSE,FALSE,FALSE
KJV,KJV,KJV,KJV,KJV__Psalms_107,Psalms_107,Psalms,107,Psalms,Poetic_Wisdom,NA,NA,43,TRUE,FALSE,FALSE,FALSE,FALSE,FALSE
KJV,KJV,KJV,KJV,KJV__Psalms_108,Psalms_108,Psalms,108,Psalms,Poetic_Wisdom,NA,NA,13,TRUE,FALSE,FALSE,FALSE,FALSE,FALSE
KJV,KJV,KJV,KJV,KJV__Psalms_109,Psalms_109,Psalms,109,Psalms,Poetic_Wisdom,NA,NA,31,TRUE,FALSE,FALSE,FALSE,FALSE,FALSE
KJV,KJV,KJV,KJV,KJV__Psalms_110,Psalms_110,Psalms,110,Psalms,Poetic_Wisdom,NA,NA,7,TRUE,FALSE,FALSE,FALSE,FALSE,FALSE
KJV,KJV,KJV,KJV,KJV__Psalms_111,Psalms_111,Psalms,111,Psalms,Poetic_Wisdom,NA,NA,10,TRUE,FALSE,FALSE,FALSE,FALSE,FALSE
KJV,KJV,KJV,KJV,KJV__Psalms_112,Psalms_112,Psalms,112,Psalms,Poetic_Wisdom,NA,NA,10,TRUE,FALSE,FALSE,FALSE,FALSE,FALSE
KJV,KJV,KJV,KJV,KJV__Psalms_113,Psalms_113,Psalms,113,Psalms,Poetic_Wisdom,NA,NA,9,TRUE,FALSE,FALSE,FALSE,FALSE,FALSE
KJV,KJV,KJV,KJV,KJV__Psalms_114,Psalms_114,Psalms,114,Psalms,Poetic_Wisdom,NA,NA,8,TRUE,FALSE,FALSE,FALSE,FALSE,FALSE
KJV,KJV,KJV,KJV,KJV__Psalms_115,Psalms_115,Psalms,115,Psalms,Poetic_Wisdom,NA,NA,18,TRUE,FALSE,FALSE,FALSE,FALSE,FALSE
KJV,KJV,KJV,KJV,KJV__Psalms_116,Psalms_116,Psalms,116,Psalms,Poetic_Wisdom,NA,NA,19,TRUE,FALSE,FALSE,FALSE,FALSE,FALSE
KJV,KJV,KJV,KJV,KJV__Psalms_117,Psalms_117,Psalms,117,Psalms,Poetic_Wisdom,NA,NA,2,TRUE,FALSE,FALSE,FALSE,FALSE,FALSE
KJV,KJV,KJV,KJV,KJV__Psalms_118,Psalms_118,Psalms,118,Psalms,Poetic_Wisdom,NA,NA,29,TRUE,FALSE,FALSE,FALSE,FALSE,FALSE
KJV,KJV,KJV,KJV,KJV__Psalms_119,Psalms_119,Psalms,119,Psalms,Poetic_Wisdom,NA,NA,176,TRUE,FALSE,FALSE,FALSE,FALSE,FALSE
KJV,KJV,KJV,KJV,KJV__Psalms_120,Psalms_120,Psalms,120,Psalms,Poetic_Wisdom,NA,NA,7,TRUE,FALSE,FALSE,FALSE,FALSE,FALSE
KJV,KJV,KJV,KJV,KJV__Psalms_121,Psalms_121,Psalms,121,Psalms,Poetic_Wisdom,NA,NA,8,TRUE,FALSE,FALSE,FALSE,FALSE,FALSE
KJV,KJV,KJV,KJV,KJV__Psalms_122,Psalms_122,Psalms,122,Psalms,Poetic_Wisdom,NA,NA,9,TRUE,FALSE,FALSE,FALSE,FALSE,FALSE
KJV,KJV,KJV,KJV,KJV__Psalms_123,Psalms_123,Psalms,123,Psalms,Poetic_Wisdom,NA,NA,4,TRUE,FALSE,FALSE,FALSE,FALSE,FALSE
KJV,KJV,KJV,KJV,KJV__Psalms_124,Psalms_124,Psalms,124,Psalms,Poetic_Wisdom,NA,NA,8,TRUE,FALSE,FALSE,FALSE,FALSE,FALSE
KJV,KJV,KJV,KJV,KJV__Psalms_125,Psalms_125,Psalms,125,Psalms,Poetic_Wisdom,NA,NA,5,TRUE,FALSE,FALSE,FALSE,FALSE,FALSE
KJV,KJV,KJV,KJV,KJV__Psalms_126,Psalms_126,Psalms,126,Psalms,Poetic_Wisdom,NA,NA,6,TRUE,FALSE,FALSE,FALSE,FALSE,FALSE
KJV,KJV,KJV,KJV,KJV__Psalms_127,Psalms_127,Psalms,127,Psalms,Poetic_Wisdom,NA,NA,5,TRUE,FALSE,FALSE,FALSE,FALSE,FALSE
KJV,KJV,KJV,KJV,KJV__Psalms_128,Psalms_128,Psalms,128,Psalms,Poetic_Wisdom,NA,NA,6,TRUE,FALSE,FALSE,FALSE,FALSE,FALSE
KJV,KJV,KJV,KJV,KJV__Psalms_129,Psalms_129,Psalms,129,Psalms,Poetic_Wisdom,NA,NA,8,TRUE,FALSE,FALSE,FALSE,FALSE,FALSE
KJV,KJV,KJV,KJV,KJV__Psalms_130,Psalms_130,Psalms,130,Psalms,Poetic_Wisdom,NA,NA,8,TRUE,FALSE,FALSE,FALSE,FALSE,FALSE
KJV,KJV,KJV,KJV,KJV__Psalms_131,Psalms_131,Psalms,131,Psalms,Poetic_Wisdom,NA,NA,3,TRUE,FALSE,FALSE,FALSE,FALSE,FALSE
KJV,KJV,KJV,KJV,KJV__Psalms_132,Psalms_132,Psalms,132,Psalms,Poetic_Wisdom,NA,NA,18,TRUE,FALSE,FALSE,FALSE,FALSE,FALSE
KJV,KJV,KJV,KJV,KJV__Psalms_133,Psalms_133,Psalms,133,Psalms,Poetic_Wisdom,NA,NA,3,TRUE,FALSE,FALSE,FALSE,FALSE,FALSE
KJV,KJV,KJV,KJV,KJV__Psalms_134,Psalms_134,Psalms,134,Psalms,Poetic_Wisdom,NA,NA,3,TRUE,FALSE,FALSE,FALSE,FALSE,FALSE
KJV,KJV,KJV,KJV,KJV__Psalms_135,Psalms_135,Psalms,135,Psalms,Poetic_Wisdom,NA,NA,21,TRUE,FALSE,FALSE,FALSE,FALSE,FALSE
KJV,KJV,KJV,KJV,KJV__Psalms_136,Psalms_136,Psalms,136,Psalms,Poetic_Wisdom,NA,NA,26,TRUE,FALSE,FALSE,FALSE,FALSE,FALSE
KJV,KJV,KJV,KJV,KJV__Psalms_137,Psalms_137,Psalms,137,Psalms,Poetic_Wisdom,NA,NA,9,TRUE,FALSE,FALSE,FALSE,FALSE,FALSE
KJV,KJV,KJV,KJV,KJV__Psalms_138,Psalms_138,Psalms,138,Psalms,Poetic_Wisdom,NA,NA,8,TRUE,FALSE,FALSE,FALSE,FALSE,FALSE
KJV,KJV,KJV,KJV,KJV__Psalms_139,Psalms_139,Psalms,139,Psalms,Poetic_Wisdom,NA,NA,24,TRUE,FALSE,FALSE,FALSE,FALSE,FALSE
KJV,KJV,KJV,KJV,KJV__Psalms_140,Psalms_140,Psalms,140,Psalms,Poetic_Wisdom,NA,NA,13,TRUE,FALSE,FALSE,FALSE,FALSE,FALSE
KJV,KJV,KJV,KJV,KJV__Psalms_141,Psalms_141,Psalms,141,Psalms,Poetic_Wisdom,NA,NA,10,TRUE,FALSE,FALSE,FALSE,FALSE,FALSE
KJV,KJV,KJV,KJV,KJV__Psalms_142,Psalms_142,Psalms,142,Psalms,Poetic_Wisdom,NA,NA,7,TRUE,FALSE,FALSE,FALSE,FALSE,FALSE
KJV,KJV,KJV,KJV,KJV__Psalms_143,Psalms_143,Psalms,143,Psalms,Poetic_Wisdom,NA,NA,12,TRUE,FALSE,FALSE,FALSE,FALSE,FALSE
KJV,KJV,KJV,KJV,KJV__Psalms_144,Psalms_144,Psalms,144,Psalms,Poetic_Wisdom,NA,NA,15,TRUE,FALSE,FALSE,FALSE,FALSE,FALSE
KJV,KJV,KJV,KJV,KJV__Psalms_145,Psalms_145,Psalms,145,Psalms,Poetic_Wisdom,NA,NA,21,TRUE,FALSE,FALSE,FALSE,FALSE,FALSE
KJV,KJV,KJV,KJV,KJV__Psalms_146,Psalms_146,Psalms,146,Psalms,Poetic_Wisdom,NA,NA,10,TRUE,FALSE,FALSE,FALSE,FALSE,FALSE
KJV,KJV,KJV,KJV,KJV__Psalms_147,Psalms_147,Psalms,147,Psalms,Poetic_Wisdom,NA,NA,20,TRUE,FALSE,FALSE,FALSE,FALSE,FALSE
KJV,KJV,KJV,KJV,KJV__Psalms_148,Psalms_148,Psalms,148,Psalms,Poetic_Wisdom,NA,NA,14,TRUE,FALSE,FALSE,FALSE,FALSE,FALSE
KJV,KJV,KJV,KJV,KJV__Psalms_149,Psalms_149,Psalms,149,Psalms,Poetic_Wisdom,NA,NA,9,TRUE,FALSE,FALSE,FALSE,FALSE,FALSE
KJV,KJV,KJV,KJV,KJV__Psalms_150,Psalms_150,Psalms,150,Psalms,Poetic_Wisdom,NA,NA,6,TRUE,FALSE,FALSE,FALSE,FALSE,FALSE
