Citation	wID	1830	1837	1840	1841	1879	1920	1981	2013
Words of Mormon 1:1	1	And	And	And	And	And	And	And	And
Words of Mormon 1:1	1.01	⌴	⌴	⌴	⌴	⌴	⌴	⌴	⌴
Words of Mormon 1:1	2	now	now	now	now	now	now	now	now
Words of Mormon 1:1	2.01	⌴	⌴	⌴	⌴	⌴	⌴	⌴	⌴
Words of Mormon 1:1	3	I	I	I	I	I	I	I	I
Words of Mormon 1:1	3.01	,	,	,	,	,	,	,	,
Words of Mormon 1:1	3.02	⌴	⌴	⌴	⌴	⌴	⌴	⌴	⌴
Words of Mormon 1:1	4	Mormon	Mormon	Mormon	Mormon	Mormon	Mormon	Mormon	Mormon
Words of Mormon 1:1	4.01	,	,	,	,	,	,	,	,
Words of Mormon 1:1	4.02	⌴	⌴	⌴	⌴	⌴	⌴	⌴	⌴
Words of Mormon 1:1	5	being	being	being	being	being	being	being	being
Words of Mormon 1:1	5.01	⌴	⌴	⌴	⌴	⌴	⌴	⌴	⌴
Words of Mormon 1:1	6	about	about	about	about	about	about	about	about
Words of Mormon 1:1	6.01	⌴	⌴	⌴	⌴	⌴	⌴	⌴	⌴
Words of Mormon 1:1	7	to	to	to	to	to	to	to	to
Words of Mormon 1:1	7.01	⌴	⌴	⌴	⌴	⌴	⌴	⌴	⌴
Words of Mormon 1:1	8	deliver	de liver	deliver	deliver	deliver	deliver	deliver	deliver
Words of Mormon 1:1	8.01	⌴	⌴	⌴	⌴	⌴	⌴	⌴	⌴
Words of Mormon 1:1	9	up	up	up	up	up	up	up	up
Words of Mormon 1:1	9.01	⌴	⌴	⌴	⌴	⌴	⌴	⌴	⌴
Words of Mormon 1:1	10	the	the	the	the	the	the	the	the
Words of Mormon 1:1	10.01	⌴	⌴	⌴	⌴	⌴	⌴	⌴	⌴
Words of Mormon 1:1	11	record	record	record	record	record	record	record	record
Words of Mormon 1:1	11.01	⌴	⌴	⌴	⌴	⌴	⌴	⌴	⌴
Words of Mormon 1:1	12	which	which	which	which	which	which	which	which
Words of Mormon 1:1	12.01	⌴	⌴	⌴	⌴	⌴	⌴	⌴	⌴
Words of Mormon 1:1	13	I	I	I	I	I	I	I	I
Words of Mormon 1:1	13.01	⌴	⌴	⌴	⌴	⌴	⌴	⌴	⌴
Words of Mormon 1:1	14	have	have	have	have	have	have	have	have
Words of Mormon 1:1	14.01	⌴	⌴	⌴	⌴	⌴	⌴	⌴	⌴
Words of Mormon 1:1	15	been	been	been	been	been	been	been	been
Words of Mormon 1:1	15.01	⌴	⌴	⌴	⌴	⌴	⌴	⌴	⌴
Words of Mormon 1:1	16	making	making	making	making	making	making	making	making
Words of Mormon 1:1	16.01	,	,	,	,	,	∅	∅	∅
Words of Mormon 1:1	16.02	⌴	⌴	⌴	⌴	⌴	⌴	⌴	⌴
Words of Mormon 1:1	17	into	into	into	into	into	into	into	into
Words of Mormon 1:1	17.01	⌴	⌴	⌴	⌴	⌴	⌴	⌴	⌴
Words of Mormon 1:1	18	the	the	the	the	the	the	the	the
Words of Mormon 1:1	18.01	⌴	⌴	⌴	⌴	⌴	⌴	⌴	⌴
Words of Mormon 1:1	19	hands	hands	hands	hands	hands	hands	hands	hands
Words of Mormon 1:1	19.01	⌴	⌴	⌴	⌴	⌴	⌴	⌴	⌴
Words of Mormon 1:1	20	of	of	of	of	of	of	of	of
Words of Mormon 1:1	20.01	⌴	⌴	⌴	⌴	⌴	⌴	⌴	⌴
Words of Mormon 1:1	21	my	my	my	my	my	my	my	my
Words of Mormon 1:1	21.01	⌴	⌴	⌴	⌴	⌴	⌴	⌴	⌴
Words of Mormon 1:1	22	son	son	son	son	son	son	son	son
Words of Mormon 1:1	22.01	⌴	⌴	⌴	⌴	⌴	⌴	⌴	⌴
Words of Mormon 1:1	23	Moroni	Moroni	Moroni	Moroni	Moroni	Moroni	Moroni	Moroni
Words of Mormon 1:1	23.01	,	,	,	,	,	,	,	,
Words of Mormon 1:1	23.02	⌴	⌴	⌴	⌴	⌴	⌴	⌴	⌴
Words of Mormon 1:1	24	behold	behold	behold	behold	behold	behold	behold	behold
Words of Mormon 1:1	24.01	,	,	,	,	,	∅	∅	∅
Words of Mormon 1:1	24.02	⌴	⌴	⌴	⌴	⌴	⌴	⌴	⌴
Words of Mormon 1:1	25	I	I	I	I	I	I	I	I
Words of Mormon 1:1	25.01	⌴	⌴	⌴	⌴	⌴	⌴	⌴	⌴
Words of Mormon 1:1	26	have	have	have	have	have	have	have	have
Words of Mormon 1:1	26.01	⌴	⌴	⌴	⌴	⌴	⌴	⌴	⌴
Words of Mormon 1:1	27	witnessed	witnessed	witnessed	witnessed	witnessed	witnessed	witnessed	witnessed
Words of Mormon 1:1	27.01	⌴	⌴	⌴	⌴	⌴	⌴	⌴	⌴
Words of Mormon 1:1	28	almost	almost	almost	almost	almost	almost	almost	almost
Words of Mormon 1:1	28.01	⌴	⌴	⌴	⌴	⌴	⌴	⌴	⌴
Words of Mormon 1:1	29	all	all	all	all	all	all	all	all
Words of Mormon 1:1	29.01	⌴	⌴	⌴	⌴	⌴	⌴	⌴	⌴
Words of Mormon 1:1	30	the	the	the	the	the	the	the	the
Words of Mormon 1:1	30.01	⌴	⌴	⌴	⌴	⌴	⌴	⌴	⌴
Words of Mormon 1:1	31	destruction	destruction	destruction	destruction	destruction	destruction	destruction	destruction
Words of Mormon 1:1	31.01	⌴	⌴	⌴	⌴	⌴	⌴	⌴	⌴
Words of Mormon 1:1	32	of	of	of	of	of	of	of	of
Words of Mormon 1:1	32.01	⌴	⌴	⌴	⌴	⌴	⌴	⌴	⌴
Words of Mormon 1:1	33	my	my	my	my	my	my	my	my
Words of Mormon 1:1	33.01	⌴	⌴	⌴	⌴	⌴	⌴	⌴	⌴
Words of Mormon 1:1	34	people	people	people	people	people	people	people	people
Words of Mormon 1:1	34.01	,	,	,	,	,	,	,	,
Words of Mormon 1:1	34.02	⌴	⌴	⌴	⌴	⌴	⌴	⌴	⌴
Words of Mormon 1:1	35	the	the	the	the	the	the	the	the
Words of Mormon 1:1	35.01	⌴	⌴	⌴	⌴	⌴	⌴	⌴	⌴
Words of Mormon 1:1	36	Nephites	Nephites	Nephites	Nephites	Nephites	Nephites	Nephites	Nephites
Words of Mormon 1:1	36.01	.	.	.	.	.	.	.	.
Words of Mormon 1:2	1	And	And	And	And	And	And	And	And
Words of Mormon 1:2	1.01	⌴	⌴	⌴	⌴	⌴	⌴	⌴	⌴
Words of Mormon 1:2	2	it	it	it	it	it	it	it	it
Words of Mormon 1:2	2.01	⌴	⌴	⌴	⌴	⌴	⌴	⌴	⌴
Words of Mormon 1:2	3	is	is	is	is	is	is	is	is
Words of Mormon 1:2	3.01	⌴	⌴	⌴	⌴	⌴	⌴	⌴	⌴
Words of Mormon 1:2	4	many	many	many	many	many	many	many	many
Words of Mormon 1:2	4.01	⌴	⌴	⌴	⌴	⌴	⌴	⌴	⌴
Words of Mormon 1:2	5	hundred	hundred	hundred	hundred	hundred	hundred	hundred	hundred
Words of Mormon 1:2	5.01	⌴	⌴	⌴	⌴	⌴	⌴	⌴	⌴
Words of Mormon 1:2	6	years	years	years	years	years	years	years	years
Words of Mormon 1:2	6.01	⌴	⌴	⌴	⌴	⌴	⌴	⌴	⌴
Words of Mormon 1:2	7	after	after	after	after	after	after	after	after
Words of Mormon 1:2	7.01	⌴	⌴	⌴	⌴	⌴	⌴	⌴	⌴
Words of Mormon 1:2	8	the	the	the	the	the	the	the	the
Words of Mormon 1:2	8.01	⌴	⌴	⌴	⌴	⌴	⌴	⌴	⌴
Words of Mormon 1:2	9	coming	coming	coming	coming	coming	coming	coming	coming
Words of Mormon 1:2	9.01	⌴	⌴	⌴	⌴	⌴	⌴	⌴	⌴
Words of Mormon 1:2	10	of	of	of	of	of	of	of	of
Words of Mormon 1:2	10.01	⌴	⌴	⌴	⌴	⌴	⌴	⌴	⌴
Words of Mormon 1:2	11	Christ	Christ	Christ	Christ	Christ	Christ	Christ	Christ
Words of Mormon 1:2	11.01	,	,	,	,	∅	∅	∅	∅
Words of Mormon 1:2	11.02	⌴	⌴	⌴	⌴	⌴	⌴	⌴	⌴
Words of Mormon 1:2	12	that	that	that	that	that	that	that	that
Words of Mormon 1:2	12.01	⌴	⌴	⌴	⌴	⌴	⌴	⌴	⌴
Words of Mormon 1:2	13	I	I	I	I	I	I	I	I
Words of Mormon 1:2	13.01	⌴	⌴	⌴	⌴	⌴	⌴	⌴	⌴
Words of Mormon 1:2	14	deliver	deliver	deliver	deliver	deliver	deliver	deliver	deliver
Words of Mormon 1:2	14.01	⌴	⌴	⌴	⌴	⌴	⌴	⌴	⌴
Words of Mormon 1:2	15	these	these	these	these	these	these	these	these
Words of Mormon 1:2	15.01	⌴	⌴	⌴	⌴	⌴	⌴	⌴	⌴
Words of Mormon 1:2	16	records	records	records	records	records	records	records	records
Words of Mormon 1:2	16.01	⌴	⌴	⌴	⌴	⌴	⌴	⌴	⌴
Words of Mormon 1:2	17	into	into	into	into	into	into	into	into
Words of Mormon 1:2	17.01	⌴	⌴	⌴	⌴	⌴	⌴	⌴	⌴
Words of Mormon 1:2	18	the	the	the	the	the	the	the	the
Words of Mormon 1:2	18.01	⌴	⌴	⌴	⌴	⌴	⌴	⌴	⌴
Words of Mormon 1:2	19	hands	hands	hands	hands	hands	hands	hands	hands
Words of Mormon 1:2	19.01	⌴	⌴	⌴	⌴	⌴	⌴	⌴	⌴
Words of Mormon 1:2	20	of	of	of	of	of	of	of	of
Words of Mormon 1:2	20.01	⌴	⌴	⌴	⌴	⌴	⌴	⌴	⌴
Words of Mormon 1:2	21	my	my	my	my	my	my	my	my
Words of Mormon 1:2	21.01	⌴	⌴	⌴	⌴	⌴	⌴	⌴	⌴
Words of Mormon 1:2	22	son	son	son	son	son	son	son	son
Words of Mormon 1:2	22.01	;	;	:	;	;	;	;	;
Words of Mormon 1:2	22.02	⌴	⌴	⌴	⌴	⌴	⌴	⌴	⌴
Words of Mormon 1:2	23	and	and	and	and	and	and	and	and
Words of Mormon 1:2	23.01	⌴	⌴	⌴	⌴	⌴	⌴	⌴	⌴
Words of Mormon 1:2	24	it	it	it	it	it	it	it	it
Words of Mormon 1:2	24.01	⌴	⌴	⌴	⌴	⌴	⌴	⌴	⌴
Words of Mormon 1:2	25	supposeth	supposeth	supposeth	supposeth	supposeth	supposeth	supposeth	supposeth
Words of Mormon 1:2	25.01	⌴	⌴	⌴	⌴	⌴	⌴	⌴	⌴
Words of Mormon 1:2	26	me	me	me	me	me	me	me	me
Words of Mormon 1:2	26.01	⌴	⌴	⌴	⌴	⌴	⌴	⌴	⌴
Words of Mormon 1:2	27	that	that	that	that	that	that	that	that
Words of Mormon 1:2	27.01	⌴	⌴	⌴	⌴	⌴	⌴	⌴	⌴
Words of Mormon 1:2	28	he	he	he	he	he	he	he	he
Words of Mormon 1:2	28.01	⌴	⌴	⌴	⌴	⌴	⌴	⌴	⌴
Words of Mormon 1:2	29	will	will	will	will	will	will	will	will
Words of Mormon 1:2	29.01	⌴	⌴	⌴	⌴	⌴	⌴	⌴	⌴
Words of Mormon 1:2	30	witness	witness	witness	witness	witness	witness	witness	witness
Words of Mormon 1:2	30.01	⌴	⌴	⌴	⌴	⌴	⌴	⌴	⌴
Words of Mormon 1:2	31	the	the	the	the	the	the	the	the
Words of Mormon 1:2	31.01	⌴	⌴	⌴	⌴	⌴	⌴	⌴	⌴
Words of Mormon 1:2	32	entire	entire	entire	entire	entire	entire	entire	entire
Words of Mormon 1:2	32.01	⌴	⌴	⌴	⌴	⌴	⌴	⌴	⌴
Words of Mormon 1:2	33	destruction	destruction	destruction	destruction	destruction	destruction	destruction	destruction
Words of Mormon 1:2	33.01	⌴	⌴	⌴	⌴	⌴	⌴	⌴	⌴
Words of Mormon 1:2	34	of	of	of	of	of	of	of	of
Words of Mormon 1:2	34.01	⌴	⌴	⌴	⌴	⌴	⌴	⌴	⌴
Words of Mormon 1:2	35	my	my	my	my	my	my	my	my
Words of Mormon 1:2	35.01	⌴	⌴	⌴	⌴	⌴	⌴	⌴	⌴
Words of Mormon 1:2	36	people	people	people	people	people	people	people	people
Words of Mormon 1:2	36.01	.	.	.	.	.	.	.	.
Words of Mormon 1:2	36.02	⌴	⌴	⌴	⌴	⌴	⌴	⌴	⌴
Words of Mormon 1:2	37	But	But	But	But	But	But	But	But
Words of Mormon 1:2	37.01	⌴	⌴	⌴	⌴	⌴	⌴	⌴	⌴
Words of Mormon 1:2	38	may	may	may	may	may	may	may	may
Words of Mormon 1:2	38.01	⌴	⌴	⌴	⌴	⌴	⌴	⌴	⌴
Words of Mormon 1:2	39	God	God	God	God	God	God	God	God
Words of Mormon 1:2	39.01	⌴	⌴	⌴	⌴	⌴	⌴	⌴	⌴
Words of Mormon 1:2	40	grant	grant	grant	grant	grant	grant	grant	grant
Words of Mormon 1:2	40.01	⌴	⌴	⌴	⌴	⌴	⌴	⌴	⌴
Words of Mormon 1:2	41	that	that	that	that	that	that	that	that
Words of Mormon 1:2	41.01	⌴	⌴	⌴	⌴	⌴	⌴	⌴	⌴
Words of Mormon 1:2	42	he	he	he	he	he	he	he	he
Words of Mormon 1:2	42.01	⌴	⌴	⌴	⌴	⌴	⌴	⌴	⌴
Words of Mormon 1:2	43	may	may	may	may	may	may	may	may
Words of Mormon 1:2	43.01	⌴	⌴	⌴	⌴	⌴	⌴	⌴	⌴
Words of Mormon 1:2	44	survive	survive	survive	survive	survive	survive	survive	survive
Words of Mormon 1:2	44.01	⌴	⌴	⌴	⌴	⌴	⌴	⌴	⌴
Words of Mormon 1:2	45	them	them	them	them	them	them	them	them
Words of Mormon 1:2	45.01	,	,	,	,	,	,	,	,
Words of Mormon 1:2	45.02	⌴	⌴	⌴	⌴	⌴	⌴	⌴	⌴
Words of Mormon 1:2	46	that	that	that	that	that	that	that	that
Words of Mormon 1:2	46.01	⌴	⌴	⌴	⌴	⌴	⌴	⌴	⌴
Words of Mormon 1:2	47	he	he	he	he	he	he	he	he
Words of Mormon 1:2	47.01	⌴	⌴	⌴	⌴	⌴	⌴	⌴	⌴
Words of Mormon 1:2	48	may	may	may	may	may	may	may	may
Words of Mormon 1:2	48.01	⌴	⌴	⌴	⌴	⌴	⌴	⌴	⌴
Words of Mormon 1:2	49	write	write	write	write	write	write	write	write
Words of Mormon 1:2	49.01	⌴	⌴	⌴	⌴	⌴	⌴	⌴	⌴
Words of Mormon 1:2	50	somewhat	somewhat	somewhat	somewhat	somewhat	somewhat	somewhat	somewhat
Words of Mormon 1:2	50.01	⌴	⌴	⌴	⌴	⌴	⌴	⌴	⌴
Words of Mormon 1:2	51	concerning	concerning	concerning	concerning	concerning	concerning	concerning	concerning
Words of Mormon 1:2	51.01	⌴	⌴	⌴	⌴	⌴	⌴	⌴	⌴
Words of Mormon 1:2	52	them	them	them	them	them	them	them	them
Words of Mormon 1:2	52.01	,	,	,	,	,	,	,	,
Words of Mormon 1:2	52.02	⌴	⌴	⌴	⌴	⌴	⌴	⌴	⌴
Words of Mormon 1:2	53	and	and	and	and	and	and	and	and
Words of Mormon 1:2	53.01	⌴	⌴	⌴	⌴	⌴	⌴	⌴	⌴
Words of Mormon 1:2	54	somewhat	somewhat	somewhat	somewhat	somewhat	somewhat	somewhat	somewhat
Words of Mormon 1:2	54.01	⌴	⌴	⌴	⌴	⌴	⌴	⌴	⌴
Words of Mormon 1:2	55	concerning	concerning	concerning	concerning	concerning	concerning	concerning	concerning
Words of Mormon 1:2	55.01	⌴	⌴	⌴	⌴	⌴	⌴	⌴	⌴
Words of Mormon 1:2	56	Christ	Christ	Christ	Christ	Christ	Christ	Christ	Christ
Words of Mormon 1:2	56.01	,	,	,	,	,	,	,	,
Words of Mormon 1:2	56.02	⌴	⌴	⌴	⌴	⌴	⌴	⌴	⌴
Words of Mormon 1:2	57	that	that	that	that	that	that	that	that
Words of Mormon 1:2	57.01	⌴	⌴	⌴	⌴	⌴	⌴	⌴	⌴
Words of Mormon 1:2	58	perhaps	perhaps	perhaps	perhaps	perhaps	perhaps	perhaps	perhaps
Words of Mormon 1:2	58.01	⌴	⌴	⌴	⌴	⌴	⌴	⌴	⌴
Words of Mormon 1:2	59	some	some	some	some	some	some	some	some
Words of Mormon 1:2	59.01	⌴	⌴	⌴	⌴	⌴	⌴	⌴	⌴
Words of Mormon 1:2	60	day	day	day	day	day	day	day	day
Words of Mormon 1:2	60.01	⌴	⌴	⌴	⌴	⌴	⌴	⌴	⌴
Words of Mormon 1:2	61	it	it	it	it	it	it	it	it
Words of Mormon 1:2	61.01	⌴	⌴	⌴	⌴	⌴	⌴	⌴	⌴
Words of Mormon 1:2	62	may	may	may	may	may	may	may	may
Words of Mormon 1:2	62.01	⌴	⌴	⌴	⌴	⌴	⌴	⌴	⌴
Words of Mormon 1:2	63	profit	profit	profit	profit	profit	profit	profit	profit
Words of Mormon 1:2	63.01	⌴	⌴	⌴	⌴	⌴	⌴	⌴	⌴
Words of Mormon 1:2	64	them	them	them	them	them	them	them	them
Words of Mormon 1:2	64.01	.	.	.	.	.	.	.	.
Words of Mormon 1:3	1	And	And	And	And	And	And	And	And
Words of Mormon 1:3	1.01	⌴	⌴	⌴	⌴	⌴	⌴	⌴	⌴
Words of Mormon 1:3	2	now	now	now	now	now	now	now	now
Words of Mormon 1:3	2.01	,	,	,	,	,	,	,	,
Words of Mormon 1:3	2.02	⌴	⌴	⌴	⌴	⌴	⌴	⌴	⌴
Words of Mormon 1:3	3	I	I	I	I	I	I	I	I
Words of Mormon 1:3	3.01	⌴	⌴	⌴	⌴	⌴	⌴	⌴	⌴
Words of Mormon 1:3	4	speak	speak	speak	speak	speak	speak	speak	speak
Words of Mormon 1:3	4.01	⌴	⌴	⌴	⌴	⌴	⌴	⌴	⌴
Words of Mormon 1:3	5	somewhat	somewhat	somewhat	somewhat	somewhat	somewhat	somewhat	somewhat
Words of Mormon 1:3	5.01	⌴	⌴	⌴	⌴	⌴	⌴	⌴	⌴
Words of Mormon 1:3	6	concerning	concerning	concerning	concerning	concerning	concerning	concerning	concerning
Words of Mormon 1:3	6.01	⌴	⌴	⌴	⌴	⌴	⌴	⌴	⌴
Words of Mormon 1:3	7	that	that	that	that	that	that	that	that
Words of Mormon 1:3	7.01	⌴	⌴	⌴	⌴	⌴	⌴	⌴	⌴
Words of Mormon 1:3	8	which	which	which	which	which	which	which	which
Words of Mormon 1:3	8.01	⌴	⌴	⌴	⌴	⌴	⌴	⌴	⌴
Words of Mormon 1:3	9	I	I	I	I	I	I	I	I
Words of Mormon 1:3	9.01	⌴	⌴	⌴	⌴	⌴	⌴	⌴	⌴
Words of Mormon 1:3	10	have	have	have	have	have	have	have	have
Words of Mormon 1:3	10.01	⌴	⌴	⌴	⌴	⌴	⌴	⌴	⌴
Words of Mormon 1:3	11	written	written	written	written	written	written	written	written
Words of Mormon 1:3	11.01	:	:	:	:	;	;	;	;
Words of Mormon 1:3	11.02	⌴	⌴	⌴	⌴	⌴	⌴	⌴	⌴
Words of Mormon 1:3	12	for	for	for	for	for	for	for	for
Words of Mormon 1:3	12.01	⌴	⌴	⌴	⌴	⌴	⌴	⌴	⌴
Words of Mormon 1:3	13	after	after	after	after	after	after	after	after
Words of Mormon 1:3	13.01	⌴	⌴	⌴	⌴	⌴	⌴	⌴	⌴
Words of Mormon 1:3	14	that	∅	∅	∅	∅	∅	∅	∅
Words of Mormon 1:3	14.01	⌴	∅	∅	∅	∅	∅	∅	∅
Words of Mormon 1:3	15	I	I	I	I	I	I	I	I
Words of Mormon 1:3	15.01	⌴	⌴	⌴	⌴	⌴	⌴	⌴	⌴
Words of Mormon 1:3	16	had	had	had	had	had	had	had	had
Words of Mormon 1:3	16.01	⌴	⌴	⌴	⌴	⌴	⌴	⌴	⌴
Words of Mormon 1:3	17	made	made	made	made	made	made	made	made
Words of Mormon 1:3	17.01	⌴	⌴	⌴	⌴	⌴	⌴	⌴	⌴
Words of Mormon 1:3	18	an	an	an	an	an	an	an	an
Words of Mormon 1:3	18.01	⌴	⌴	⌴	⌴	⌴	⌴	⌴	⌴
Words of Mormon 1:3	19	abridgment	abridgment	abridgment	abridgment	abridgment	abridgment	abridgment	abridgment
Words of Mormon 1:3	19.01	⌴	⌴	⌴	⌴	⌴	⌴	⌴	⌴
Words of Mormon 1:3	20	from	from	from	from	from	from	from	from
Words of Mormon 1:3	20.01	⌴	⌴	⌴	⌴	⌴	⌴	⌴	⌴
Words of Mormon 1:3	21	the	the	the	the	the	the	the	the
Words of Mormon 1:3	21.01	⌴	⌴	⌴	⌴	⌴	⌴	⌴	⌴
Words of Mormon 1:3	22	plates	plates	plates	plates	plates	plates	plates	plates
Words of Mormon 1:3	22.01	⌴	⌴	⌴	⌴	⌴	⌴	⌴	⌴
Words of Mormon 1:3	23	of	of	of	of	of	of	of	of
Words of Mormon 1:3	23.01	⌴	⌴	⌴	⌴	⌴	⌴	⌴	⌴
Words of Mormon 1:3	24	Nephi	Nephi	Nephi	Nephi	Nephi	Nephi	Nephi	Nephi
Words of Mormon 1:3	24.01	,	,	,	,	,	,	,	,
Words of Mormon 1:3	24.02	⌴	⌴	⌴	⌴	⌴	⌴	⌴	⌴
Words of Mormon 1:3	25	down	down	down	down	down	down	down	down
Words of Mormon 1:3	25.01	⌴	⌴	⌴	⌴	⌴	⌴	⌴	⌴
Words of Mormon 1:3	26	to	to	to	to	to	to	to	to
Words of Mormon 1:3	26.01	⌴	⌴	⌴	⌴	⌴	⌴	⌴	⌴
Words of Mormon 1:3	27	the	the	the	the	the	the	the	the
Words of Mormon 1:3	27.01	⌴	⌴	⌴	⌴	⌴	⌴	⌴	⌴
Words of Mormon 1:3	28	reign	reign	reign	reign	reign	reign	reign	reign
Words of Mormon 1:3	28.01	⌴	⌴	⌴	⌴	⌴	⌴	⌴	⌴
Words of Mormon 1:3	29	of	of	of	of	of	of	of	of
Words of Mormon 1:3	29.01	⌴	⌴	⌴	⌴	⌴	⌴	⌴	⌴
Words of Mormon 1:3	30	this	this	this	this	this	this	this	this
Words of Mormon 1:3	30.01	⌴	⌴	⌴	⌴	⌴	⌴	⌴	⌴
Words of Mormon 1:3	31	king	king	king	king	king	king	king	king
Words of Mormon 1:3	31.01	⌴	⌴	⌴	⌴	⌴	⌴	⌴	⌴
Words of Mormon 1:3	32	Benjamin	Benjamin	Benjamin	Benjamin	Benjamin	Benjamin	Benjamin	Benjamin
Words of Mormon 1:3	32.01	,	,	,	,	,	,	,	,
Words of Mormon 1:3	32.02	⌴	⌴	⌴	⌴	⌴	⌴	⌴	⌴
Words of Mormon 1:3	33	of	of	of	of	of	of	of	of
Words of Mormon 1:3	33.01	⌴	⌴	⌴	⌴	⌴	⌴	⌴	⌴
Words of Mormon 1:3	34	which	whom	whom	whom	whom	whom	whom	whom
Words of Mormon 1:3	34.01	⌴	⌴	⌴	⌴	⌴	⌴	⌴	⌴
Words of Mormon 1:3	35	Amaleki	Amaleki	Amaleki	Amaleki	Amaleki	Amaleki	Amaleki	Amaleki
Words of Mormon 1:3	35.01	⌴	⌴	⌴	⌴	⌴	⌴	⌴	⌴
Words of Mormon 1:3	36	spake	spake	spake	spake	spake	spake	spake	spake
Words of Mormon 1:3	36.01	,	,	,	,	,	,	,	,
Words of Mormon 1:3	36.02	⌴	⌴	⌴	⌴	⌴	⌴	⌴	⌴
Words of Mormon 1:3	37	I	I	I	I	I	I	I	I
Words of Mormon 1:3	37.01	⌴	⌴	⌴	⌴	⌴	⌴	⌴	⌴
Words of Mormon 1:3	38	searched	searched	searched	searched	searched	searched	searched	searched
Words of Mormon 1:3	38.01	⌴	⌴	⌴	⌴	⌴	⌴	⌴	⌴
Words of Mormon 1:3	39	among	among	among	among	among	among	among	among
Words of Mormon 1:3	39.01	⌴	⌴	⌴	⌴	⌴	⌴	⌴	⌴
Words of Mormon 1:3	40	the	the	the	the	the	the	the	the
Words of Mormon 1:3	40.01	⌴	⌴	⌴	⌴	⌴	⌴	⌴	⌴
Words of Mormon 1:3	41	records	records	records	records	records	records	records	records
Words of Mormon 1:3	41.01	⌴	⌴	⌴	⌴	⌴	⌴	⌴	⌴
Words of Mormon 1:3	42	which	which	which	which	which	which	which	which
Words of Mormon 1:3	42.01	⌴	⌴	⌴	⌴	⌴	⌴	⌴	⌴
Words of Mormon 1:3	43	had	had	had	had	had	had	had	had
Words of Mormon 1:3	43.01	⌴	⌴	⌴	⌴	⌴	⌴	⌴	⌴
Words of Mormon 1:3	44	been	been	been	been	been	been	been	been
Words of Mormon 1:3	44.01	⌴	⌴	⌴	⌴	⌴	⌴	⌴	⌴
Words of Mormon 1:3	45	delivered	delivered	delivered	delivered	delivered	delivered	delivered	delivered
Words of Mormon 1:3	45.01	⌴	⌴	⌴	⌴	⌴	⌴	⌴	⌴
Words of Mormon 1:3	46	into	into	into	into	into	into	into	into
Words of Mormon 1:3	46.01	⌴	⌴	⌴	⌴	⌴	⌴	⌴	⌴
Words of Mormon 1:3	47	my	my	my	my	my	my	my	my
Words of Mormon 1:3	47.01	⌴	⌴	⌴	⌴	⌴	⌴	⌴	⌴
Words of Mormon 1:3	48	hands	hands	hands	hands	hands	hands	hands	hands
Words of Mormon 1:3	48.01	,	,	,	,	,	,	,	,
Words of Mormon 1:3	48.02	⌴	⌴	⌴	⌴	⌴	⌴	⌴	⌴
Words of Mormon 1:3	49	and	and	and	and	and	and	and	and
Words of Mormon 1:3	49.01	⌴	⌴	⌴	⌴	⌴	⌴	⌴	⌴
Words of Mormon 1:3	50	I	I	I	I	I	I	I	I
Words of Mormon 1:3	50.01	⌴	⌴	⌴	⌴	⌴	⌴	⌴	⌴
Words of Mormon 1:3	51	found	found	found	found	found	found	found	found
Words of Mormon 1:3	51.01	⌴	⌴	⌴	⌴	⌴	⌴	⌴	⌴
Words of Mormon 1:3	52	these	these	these	these	these	these	these	these
Words of Mormon 1:3	52.01	⌴	⌴	⌴	⌴	⌴	⌴	⌴	⌴
Words of Mormon 1:3	53	plates	plates	plates	plates	plates	plates	plates	plates
Words of Mormon 1:3	53.01	,	,	,	,	,	,	,	,
Words of Mormon 1:3	53.02	⌴	⌴	⌴	⌴	⌴	⌴	⌴	⌴
Words of Mormon 1:3	54	which	which	which	which	which	which	which	which
Words of Mormon 1:3	54.01	⌴	⌴	⌴	⌴	⌴	⌴	⌴	⌴
Words of Mormon 1:3	55	contained	contained	contained	contained	contained	contained	contained	contained
Words of Mormon 1:3	55.01	⌴	⌴	⌴	⌴	⌴	⌴	⌴	⌴
Words of Mormon 1:3	56	this	this	this	this	this	this	this	this
Words of Mormon 1:3	56.01	⌴	⌴	⌴	⌴	⌴	⌴	⌴	⌴
Words of Mormon 1:3	57	small	small	small	small	small	small	small	small
Words of Mormon 1:3	57.01	⌴	⌴	⌴	⌴	⌴	⌴	⌴	⌴
Words of Mormon 1:3	58	account	account	account	account	account	account	account	account
Words of Mormon 1:3	58.01	⌴	⌴	⌴	⌴	⌴	⌴	⌴	⌴
Words of Mormon 1:3	59	of	of	of	of	of	of	of	of
Words of Mormon 1:3	59.01	⌴	⌴	⌴	⌴	⌴	⌴	⌴	⌴
Words of Mormon 1:3	60	the	the	the	the	the	the	the	the
Words of Mormon 1:3	60.01	⌴	⌴	⌴	⌴	⌴	⌴	⌴	⌴
Words of Mormon 1:3	61	Prophets	prophets	prophets	prophets	prophets	prophets	prophets	prophets
Words of Mormon 1:3	61.01	,	,	,	,	,	,	,	,
Words of Mormon 1:3	61.02	⌴	⌴	⌴	⌴	⌴	⌴	⌴	⌴
Words of Mormon 1:3	62	from	from	from	from	from	from	from	from
Words of Mormon 1:3	62.01	⌴	⌴	⌴	⌴	⌴	⌴	⌴	⌴
Words of Mormon 1:3	63	Jacob	Jacob	Jacob	Jacob	Jacob	Jacob	Jacob	Jacob
Words of Mormon 1:3	63.01	,	,	,	,	,	∅	∅	∅
Words of Mormon 1:3	63.02	⌴	⌴	⌴	⌴	⌴	⌴	⌴	⌴
Words of Mormon 1:3	64	down	down	down	down	down	down	down	down
Words of Mormon 1:3	64.01	⌴	⌴	⌴	⌴	⌴	⌴	⌴	⌴
Words of Mormon 1:3	65	to	to	to	to	to	to	to	to
Words of Mormon 1:3	65.01	⌴	⌴	⌴	⌴	⌴	⌴	⌴	⌴
Words of Mormon 1:3	66	the	the	the	the	the	the	the	the
Words of Mormon 1:3	66.01	⌴	⌴	⌴	⌴	⌴	⌴	⌴	⌴
Words of Mormon 1:3	67	reign	reign	reign	reign	reign	reign	reign	reign
Words of Mormon 1:3	67.01	⌴	⌴	⌴	⌴	⌴	⌴	⌴	⌴
Words of Mormon 1:3	68	of	of	of	of	of	of	of	of
Words of Mormon 1:3	68.01	⌴	⌴	⌴	⌴	⌴	⌴	⌴	⌴
Words of Mormon 1:3	69	this	this	this	this	this	this	this	this
Words of Mormon 1:3	69.01	⌴	⌴	⌴	⌴	⌴	⌴	⌴	⌴
Words of Mormon 1:3	70	king	king	king	king	king	king	king	king
Words of Mormon 1:3	70.01	⌴	⌴	⌴	⌴	⌴	⌴	⌴	⌴
Words of Mormon 1:3	71	Benjamin	Benjamin	Benjamin	Benjamin	Benjamin	Benjamin	Benjamin	Benjamin
Words of Mormon 1:3	71.01	;	;	:	;	;	,	,	,
Words of Mormon 1:3	71.02	⌴	⌴	⌴	⌴	⌴	⌴	⌴	⌴
Words of Mormon 1:3	72	and	and	and	and	and	and	and	and
Words of Mormon 1:3	72.01	⌴	⌴	⌴	⌴	⌴	⌴	⌴	⌴
Words of Mormon 1:3	73	also	also	also	also	also	also	also	also
Words of Mormon 1:3	73.01	,	∅	∅	∅	∅	∅	∅	∅
Words of Mormon 1:3	73.02	⌴	⌴	⌴	⌴	⌴	⌴	⌴	⌴
Words of Mormon 1:3	74	many	many	many	many	many	many	many	many
Words of Mormon 1:3	74.01	⌴	⌴	⌴	⌴	⌴	⌴	⌴	⌴
Words of Mormon 1:3	75	of	of	of	of	of	of	of	of
Words of Mormon 1:3	75.01	⌴	⌴	⌴	⌴	⌴	⌴	⌴	⌴
Words of Mormon 1:3	76	the	the	the	the	the	the	the	the
Words of Mormon 1:3	76.01	⌴	⌴	⌴	⌴	⌴	⌴	⌴	⌴
Words of Mormon 1:3	77	words	words	words	words	words	words	words	words
Words of Mormon 1:3	77.01	⌴	⌴	⌴	⌴	⌴	⌴	⌴	⌴
Words of Mormon 1:3	78	of	of	of	of	of	of	of	of
Words of Mormon 1:3	78.01	⌴	⌴	⌴	⌴	⌴	⌴	⌴	⌴
Words of Mormon 1:3	79	Nephi	Nephi	Nephi	Nephi	Nephi	Nephi	Nephi	Nephi
Words of Mormon 1:3	79.01	.	.	.	.	.	.	.	.
Words of Mormon 1:4	1	And	And	And	And	And	And	And	And
Words of Mormon 1:4	1.01	⌴	⌴	⌴	⌴	⌴	⌴	⌴	⌴
Words of Mormon 1:4	2	the	the	the	the	the	the	the	the
Words of Mormon 1:4	2.01	⌴	⌴	⌴	⌴	⌴	⌴	⌴	⌴
Words of Mormon 1:4	3	things	things	things	things	things	things	things	things
Words of Mormon 1:4	3.01	⌴	⌴	⌴	⌴	⌴	⌴	⌴	⌴
Words of Mormon 1:4	4	which	which	which	which	which	which	which	which
Words of Mormon 1:4	4.01	⌴	⌴	⌴	⌴	⌴	⌴	⌴	⌴
Words of Mormon 1:4	5	are	are	are	are	are	are	are	are
Words of Mormon 1:4	5.01	⌴	⌴	⌴	⌴	⌴	⌴	⌴	⌴
Words of Mormon 1:4	6	upon	upon	upon	upon	upon	upon	upon	upon
Words of Mormon 1:4	6.01	⌴	⌴	⌴	⌴	⌴	⌴	⌴	⌴
Words of Mormon 1:4	7	these	these	these	these	these	these	these	these
Words of Mormon 1:4	7.01	⌴	⌴	⌴	⌴	⌴	⌴	⌴	⌴
Words of Mormon 1:4	8	plates	plates	plates	plates	plates	plates	plates	plates
Words of Mormon 1:4	8.01	⌴	⌴	⌴	⌴	⌴	⌴	⌴	⌴
Words of Mormon 1:4	9	pleasing	pleasing	pleasing	pleasing	pleasing	pleasing	pleasing	pleasing
Words of Mormon 1:4	9.01	⌴	⌴	⌴	⌴	⌴	⌴	⌴	⌴
Words of Mormon 1:4	10	me	me	me	me	me	me	me	me
Words of Mormon 1:4	10.01	,	,	,	,	,	,	,	,
Words of Mormon 1:4	10.02	⌴	⌴	⌴	⌴	⌴	⌴	⌴	⌴
Words of Mormon 1:4	11	because	because	because	because	because	because	because	because
Words of Mormon 1:4	11.01	⌴	⌴	⌴	⌴	⌴	⌴	⌴	⌴
Words of Mormon 1:4	12	of	of	of	of	of	of	of	of
Words of Mormon 1:4	12.01	⌴	⌴	⌴	⌴	⌴	⌴	⌴	⌴
Words of Mormon 1:4	13	the	the	the	the	the	the	the	the
Words of Mormon 1:4	13.01	⌴	⌴	⌴	⌴	⌴	⌴	⌴	⌴
Words of Mormon 1:4	14	prophecies	prophecies	prophecies	prophecies	prophecies	prophecies	prophecies	prophecies
Words of Mormon 1:4	14.01	⌴	⌴	⌴	⌴	⌴	⌴	⌴	⌴
Words of Mormon 1:4	15	of	of	of	of	of	of	of	of
Words of Mormon 1:4	15.01	⌴	⌴	⌴	⌴	⌴	⌴	⌴	⌴
Words of Mormon 1:4	16	the	the	the	the	the	the	the	the
Words of Mormon 1:4	16.01	⌴	⌴	⌴	⌴	⌴	⌴	⌴	⌴
Words of Mormon 1:4	17	coming	coming	coming	coming	coming	coming	coming	coming
Words of Mormon 1:4	17.01	⌴	⌴	⌴	⌴	⌴	⌴	⌴	⌴
Words of Mormon 1:4	18	of	of	of	of	of	of	of	of
Words of Mormon 1:4	18.01	⌴	⌴	⌴	⌴	⌴	⌴	⌴	⌴
Words of Mormon 1:4	19	Christ	Christ	Christ	Christ	Christ	Christ	Christ	Christ
Words of Mormon 1:4	19.01	;	;	;	;	;	;	;	;
Words of Mormon 1:4	19.02	⌴	⌴	⌴	⌴	⌴	⌴	⌴	⌴
Words of Mormon 1:4	20	and	and	and	and	and	and	and	and
Words of Mormon 1:4	20.01	⌴	⌴	⌴	⌴	⌴	⌴	⌴	⌴
Words of Mormon 1:4	21	my	my	my	my	my	my	my	my
Words of Mormon 1:4	21.01	⌴	⌴	⌴	⌴	⌴	⌴	⌴	⌴
Words of Mormon 1:4	22	fathers	fathers	fathers	fathers	fathers	fathers	fathers	fathers
Words of Mormon 1:4	22.01	⌴	⌴	⌴	⌴	⌴	⌴	⌴	⌴
Words of Mormon 1:4	23	knowing	knowing	knowing	knowing	knowing	knowing	knowing	knowing
Words of Mormon 1:4	23.01	⌴	⌴	⌴	⌴	⌴	⌴	⌴	⌴
Words of Mormon 1:4	24	that	that	that	that	that	that	that	that
Words of Mormon 1:4	24.01	⌴	⌴	⌴	⌴	⌴	⌴	⌴	⌴
Words of Mormon 1:4	25	many	many	many	many	many	many	many	many
Words of Mormon 1:4	25.01	⌴	⌴	⌴	⌴	⌴	⌴	⌴	⌴
Words of Mormon 1:4	26	of	of	of	of	of	of	of	of
Words of Mormon 1:4	26.01	⌴	⌴	⌴	⌴	⌴	⌴	⌴	⌴
Words of Mormon 1:4	27	them	them	them	them	them	them	them	them
Words of Mormon 1:4	27.01	⌴	⌴	⌴	⌴	⌴	⌴	⌴	⌴
Words of Mormon 1:4	28	have	have	have	have	have	have	have	have
Words of Mormon 1:4	28.01	⌴	⌴	⌴	⌴	⌴	⌴	⌴	⌴
Words of Mormon 1:4	29	been	been	been	been	been	been	been	been
Words of Mormon 1:4	29.01	⌴	⌴	⌴	⌴	⌴	⌴	⌴	⌴
Words of Mormon 1:4	30	fulfilled	fulfilled	fulfilled	fulfilled	fulfilled	fulfilled	fulfilled	fulfilled
Words of Mormon 1:4	30.01	;	;	;	;	;	;	;	;
Words of Mormon 1:4	30.02	⌴	⌴	⌴	⌴	⌴	⌴	⌴	⌴
Words of Mormon 1:4	31	yea	yea	yea	yea	yea	yea	yea	yea
Words of Mormon 1:4	31.01	,	,	,	,	,	,	,	,
Words of Mormon 1:4	31.02	⌴	⌴	⌴	⌴	⌴	⌴	⌴	⌴
Words of Mormon 1:4	32	and	and	and	and	and	and	and	and
Words of Mormon 1:4	32.01	⌴	⌴	⌴	⌴	⌴	⌴	⌴	⌴
Words of Mormon 1:4	33	I	I	I	I	I	I	I	I
Words of Mormon 1:4	33.01	⌴	⌴	⌴	⌴	⌴	⌴	⌴	⌴
Words of Mormon 1:4	34	also	also	also	also	also	also	also	also
Words of Mormon 1:4	34.01	⌴	⌴	⌴	⌴	⌴	⌴	⌴	⌴
Words of Mormon 1:4	35	know	know	know	know	know	know	know	know
Words of Mormon 1:4	35.01	⌴	⌴	⌴	⌴	⌴	⌴	⌴	⌴
Words of Mormon 1:4	36	that	that	that	that	that	that	that	that
Words of Mormon 1:4	36.01	⌴	⌴	⌴	⌴	⌴	⌴	⌴	⌴
Words of Mormon 1:4	37	as	as	as	as	as	as	as	as
Words of Mormon 1:4	37.01	⌴	⌴	⌴	⌴	⌴	⌴	⌴	⌴
Words of Mormon 1:4	38	many	many	many	many	many	many	many	many
Words of Mormon 1:4	38.01	⌴	⌴	⌴	⌴	⌴	⌴	⌴	⌴
Words of Mormon 1:4	39	things	things	things	things	things	things	things	things
Words of Mormon 1:4	39.01	⌴	⌴	⌴	⌴	⌴	⌴	⌴	⌴
Words of Mormon 1:4	40	as	as	as	as	as	as	as	as
Words of Mormon 1:4	40.01	⌴	⌴	⌴	⌴	⌴	⌴	⌴	⌴
Words of Mormon 1:4	41	have	have	have	have	have	have	have	have
Words of Mormon 1:4	41.01	⌴	⌴	⌴	⌴	⌴	⌴	⌴	⌴
Words of Mormon 1:4	42	been	been	been	been	been	been	been	been
Words of Mormon 1:4	42.01	⌴	⌴	⌴	⌴	⌴	⌴	⌴	⌴
Words of Mormon 1:4	43	prophesied	prophesied	prophesied	prophesied	prophesied	prophesied	prophesied	prophesied
Words of Mormon 1:4	43.01	⌴	⌴	⌴	⌴	⌴	⌴	⌴	⌴
Words of Mormon 1:4	44	concerning	concerning	concerning	concerning	concerning	concerning	concerning	concerning
Words of Mormon 1:4	44.01	⌴	⌴	⌴	⌴	⌴	⌴	⌴	⌴
Words of Mormon 1:4	45	us	us	us	us	us	us	us	us
Words of Mormon 1:4	45.01	⌴	⌴	⌴	⌴	⌴	⌴	⌴	⌴
Words of Mormon 1:4	46	down	down	down	down	down	down	down	down
Words of Mormon 1:4	46.01	⌴	⌴	⌴	⌴	⌴	⌴	⌴	⌴
Words of Mormon 1:4	47	to	to	to	to	to	to	to	to
Words of Mormon 1:4	47.01	⌴	⌴	⌴	⌴	⌴	⌴	⌴	⌴
Words of Mormon 1:4	48	this	this	this	this	this	this	this	this
Words of Mormon 1:4	48.01	⌴	⌴	⌴	⌴	⌴	⌴	⌴	⌴
Words of Mormon 1:4	49	day	day	day	day	day	day	day	day
Words of Mormon 1:4	49.01	,	,	,	,	,	∅	∅	∅
Words of Mormon 1:4	49.02	⌴	⌴	⌴	⌴	⌴	⌴	⌴	⌴
Words of Mormon 1:4	50	has	have	have	have	have	have	have	have
Words of Mormon 1:4	50.01	⌴	⌴	⌴	⌴	⌴	⌴	⌴	⌴
Words of Mormon 1:4	51	been	been	been	been	been	been	been	been
Words of Mormon 1:4	51.01	⌴	⌴	⌴	⌴	⌴	⌴	⌴	⌴
Words of Mormon 1:4	52	fulfilled	fulfilled	fulfilled	fulfilled	fulfilled	fulfilled	fulfilled	fulfilled
Words of Mormon 1:4	52.01	;	;	;	;	;	,	,	,
Words of Mormon 1:4	52.02	⌴	⌴	⌴	⌴	⌴	⌴	⌴	⌴
Words of Mormon 1:4	53	and	and	and	and	and	and	and	and
Words of Mormon 1:4	53.01	⌴	⌴	⌴	⌴	⌴	⌴	⌴	⌴
Words of Mormon 1:4	54	as	as	as	as	as	as	as	as
Words of Mormon 1:4	54.01	⌴	⌴	⌴	⌴	⌴	⌴	⌴	⌴
Words of Mormon 1:4	55	many	many	many	many	many	many	many	many
Words of Mormon 1:4	55.01	⌴	⌴	⌴	⌴	⌴	⌴	⌴	⌴
Words of Mormon 1:4	56	as	as	as	as	as	as	as	as
Words of Mormon 1:4	56.01	⌴	⌴	⌴	⌴	⌴	⌴	⌴	⌴
Words of Mormon 1:4	57	go	go	go	go	go	go	go	go
Words of Mormon 1:4	57.01	⌴	⌴	⌴	⌴	⌴	⌴	⌴	⌴
Words of Mormon 1:4	58	beyond	beyond	beyond	beyond	beyond	beyond	beyond	beyond
Words of Mormon 1:4	58.01	⌴	⌴	⌴	⌴	⌴	⌴	⌴	⌴
Words of Mormon 1:4	59	this	this	this	this	this	this	this	this
Words of Mormon 1:4	59.01	⌴	⌴	⌴	⌴	⌴	⌴	⌴	⌴
Words of Mormon 1:4	60	day	day	day	day	day	day	day	day
Words of Mormon 1:4	60.01	,	,	,	,	,	∅	∅	∅
Words of Mormon 1:4	60.02	⌴	⌴	⌴	⌴	⌴	⌴	⌴	⌴
Words of Mormon 1:4	61	must	must	must	must	must	must	must	must
Words of Mormon 1:4	61.01	⌴	⌴	⌴	⌴	⌴	⌴	⌴	⌴
Words of Mormon 1:4	62	surely	surely	surely	surely	surely	surely	surely	surely
Words of Mormon 1:4	62.01	⌴	⌴	⌴	⌴	⌴	⌴	⌴	⌴
Words of Mormon 1:4	63	come	come	come	come	come	come	come	come
Words of Mormon 1:4	63.01	⌴	⌴	⌴	⌴	⌴	⌴	⌴	⌴
Words of Mormon 1:4	64	to	to	to	to	to	to	to	to
Words of Mormon 1:4	64.01	⌴	⌴	⌴	⌴	⌴	⌴	⌴	⌴
Words of Mormon 1:4	65	pass	pass	pass	pass	pass	pass	pass	pass
Words of Mormon 1:4	65.01	;	;	;	;	;	—	—	—
Words of Mormon 1:5	1	wherefore	wherefore	wherefore	wherefore	Wherefore	Wherefore	Wherefore	Wherefore
Words of Mormon 1:5	1.01	,	,	,	,	,	,	,	,
Words of Mormon 1:5	1.02	⌴	⌴	⌴	⌴	⌴	⌴	⌴	⌴
Words of Mormon 1:5	2	I	I	I	I	I	I	I	I
Words of Mormon 1:5	2.01	⌴	⌴	⌴	⌴	⌴	⌴	⌴	⌴
Words of Mormon 1:5	3	chose	chose	chose	chose	choose	chose	chose	chose
Words of Mormon 1:5	3.01	⌴	⌴	⌴	⌴	⌴	⌴	⌴	⌴
Words of Mormon 1:5	4	these	these	these	these	these	these	these	these
Words of Mormon 1:5	4.01	⌴	⌴	⌴	⌴	⌴	⌴	⌴	⌴
Words of Mormon 1:5	5	things	things	things	things	things	things	things	things
Words of Mormon 1:5	5.01	,	,	,	,	,	,	,	,
Words of Mormon 1:5	5.02	⌴	⌴	⌴	⌴	⌴	⌴	⌴	⌴
Words of Mormon 1:5	6	to	to	to	to	to	to	to	to
Words of Mormon 1:5	6.01	⌴	⌴	⌴	⌴	⌴	⌴	⌴	⌴
Words of Mormon 1:5	7	finish	finish	finish	finish	finish	finish	finish	finish
Words of Mormon 1:5	7.01	⌴	⌴	⌴	⌴	⌴	⌴	⌴	⌴
Words of Mormon 1:5	8	my	my	my	my	my	my	my	my
Words of Mormon 1:5	8.01	⌴	⌴	⌴	⌴	⌴	⌴	⌴	⌴
Words of Mormon 1:5	9	record	record	record	record	record	record	record	record
Words of Mormon 1:5	9.01	⌴	⌴	⌴	⌴	⌴	⌴	⌴	⌴
Words of Mormon 1:5	10	upon	upon	upon	upon	upon	upon	upon	upon
Words of Mormon 1:5	10.01	⌴	⌴	⌴	⌴	⌴	⌴	⌴	⌴
Words of Mormon 1:5	11	them	them	them	them	them	them	them	them
Words of Mormon 1:5	11.01	,	,	,	,	,	,	,	,
Words of Mormon 1:5	11.02	⌴	⌴	⌴	⌴	⌴	⌴	⌴	⌴
Words of Mormon 1:5	12	which	which	which	which	which	which	which	which
Words of Mormon 1:5	12.01	⌴	⌴	⌴	⌴	⌴	⌴	⌴	⌴
Words of Mormon 1:5	13	remainder	remainder	remainder	remainder	remainder	remainder	remainder	remainder
Words of Mormon 1:5	13.01	⌴	⌴	⌴	⌴	⌴	⌴	⌴	⌴
Words of Mormon 1:5	14	of	of	of	of	of	of	of	of
Words of Mormon 1:5	14.01	⌴	⌴	⌴	⌴	⌴	⌴	⌴	⌴
Words of Mormon 1:5	15	my	my	my	my	my	my	my	my
Words of Mormon 1:5	15.01	⌴	⌴	⌴	⌴	⌴	⌴	⌴	⌴
Words of Mormon 1:5	16	record	record	record	record	record	record	record	record
Words of Mormon 1:5	16.01	⌴	⌴	⌴	⌴	⌴	⌴	⌴	⌴
Words of Mormon 1:5	17	I	I	I	I	I	I	I	I
Words of Mormon 1:5	17.01	⌴	⌴	⌴	⌴	⌴	⌴	⌴	⌴
Words of Mormon 1:5	18	shall	shall	shall	shall	shall	shall	shall	shall
Words of Mormon 1:5	18.01	⌴	⌴	⌴	⌴	⌴	⌴	⌴	⌴
Words of Mormon 1:5	19	take	take	take	take	take	take	take	take
Words of Mormon 1:5	19.01	⌴	⌴	⌴	⌴	⌴	⌴	⌴	⌴
Words of Mormon 1:5	20	from	from	from	from	from	from	from	from
Words of Mormon 1:5	20.01	⌴	⌴	⌴	⌴	⌴	⌴	⌴	⌴
Words of Mormon 1:5	21	the	the	the	the	the	the	the	the
Words of Mormon 1:5	21.01	⌴	⌴	⌴	⌴	⌴	⌴	⌴	⌴
Words of Mormon 1:5	22	plates	plates	plates	plates	plates	plates	plates	plates
Words of Mormon 1:5	22.01	⌴	⌴	⌴	⌴	⌴	⌴	⌴	⌴
Words of Mormon 1:5	23	of	of	of	of	of	of	of	of
Words of Mormon 1:5	23.01	⌴	⌴	⌴	⌴	⌴	⌴	⌴	⌴
Words of Mormon 1:5	24	Nephi	Nephi	Nephi	Nephi	Nephi	Nephi	Nephi	Nephi
Words of Mormon 1:5	24.01	;	;	;	;	;	;	;	;
Words of Mormon 1:5	24.02	⌴	⌴	⌴	⌴	⌴	⌴	⌴	⌴
Words of Mormon 1:5	25	and	and	and	and	and	and	and	and
Words of Mormon 1:5	25.01	⌴	⌴	⌴	⌴	⌴	⌴	⌴	⌴
Words of Mormon 1:5	26	I	I	I	I	I	I	I	I
Words of Mormon 1:5	26.01	⌴	⌴	⌴	⌴	⌴	⌴	⌴	⌴
Words of Mormon 1:5	27	cannot	cannot	cannot	cannot	cannot	cannot	cannot	cannot
Words of Mormon 1:5	27.01	⌴	⌴	⌴	⌴	⌴	⌴	⌴	⌴
Words of Mormon 1:5	28	write	write	write	write	write	write	write	write
Words of Mormon 1:5	28.01	⌴	⌴	⌴	⌴	⌴	⌴	⌴	⌴
Words of Mormon 1:5	29	a	the	the	the	the	the	the	the
Words of Mormon 1:5	29.01	⌴	⌴	⌴	⌴	⌴	⌴	⌴	⌴
Words of Mormon 1:5	30	hundredth	hundredth	hundredth	hundredth	hundredth	hundredth	hundredth	hundredth
Words of Mormon 1:5	30.01	⌴	⌴	⌴	⌴	⌴	⌴	⌴	⌴
Words of Mormon 1:5	31	part	part	part	part	part	part	part	part
Words of Mormon 1:5	31.01	⌴	⌴	⌴	⌴	⌴	⌴	⌴	⌴
Words of Mormon 1:5	32	of	of	of	of	of	of	of	of
Words of Mormon 1:5	32.01	⌴	⌴	⌴	⌴	⌴	⌴	⌴	⌴
Words of Mormon 1:5	33	the	the	the	the	the	the	the	the
Words of Mormon 1:5	33.01	⌴	⌴	⌴	⌴	⌴	⌴	⌴	⌴
Words of Mormon 1:5	34	things	things	things	things	things	things	things	things
Words of Mormon 1:5	34.01	⌴	⌴	⌴	⌴	⌴	⌴	⌴	⌴
Words of Mormon 1:5	35	of	of	of	of	of	of	of	of
Words of Mormon 1:5	35.01	⌴	⌴	⌴	⌴	⌴	⌴	⌴	⌴
Words of Mormon 1:5	36	my	my	my	my	my	my	my	my
Words of Mormon 1:5	36.01	⌴	⌴	⌴	⌴	⌴	⌴	⌴	⌴
Words of Mormon 1:5	37	people	people	people	people	people	people	people	people
Words of Mormon 1:5	37.01	.	.	.	.	.	.	.	.
Words of Mormon 1:6	1	But	But	But	But	But	But	But	But
Words of Mormon 1:6	1.01	⌴	⌴	⌴	⌴	⌴	⌴	⌴	⌴
Words of Mormon 1:6	2	behold	behold	behold	behold	behold	behold	behold	behold
Words of Mormon 1:6	2.01	,	,	,	,	,	,	,	,
Words of Mormon 1:6	2.02	⌴	⌴	⌴	⌴	⌴	⌴	⌴	⌴
Words of Mormon 1:6	3	I	I	I	I	I	I	I	I
Words of Mormon 1:6	3.01	⌴	⌴	⌴	⌴	⌴	⌴	⌴	⌴
Words of Mormon 1:6	4	shall	shall	shall	shall	shall	shall	shall	shall
Words of Mormon 1:6	4.01	⌴	⌴	⌴	⌴	⌴	⌴	⌴	⌴
Words of Mormon 1:6	5	take	take	take	take	take	take	take	take
Words of Mormon 1:6	5.01	⌴	⌴	⌴	⌴	⌴	⌴	⌴	⌴
Words of Mormon 1:6	6	these	these	these	these	these	these	these	these
Words of Mormon 1:6	6.01	⌴	⌴	⌴	⌴	⌴	⌴	⌴	⌴
Words of Mormon 1:6	7	plates	plates	plates	plates	plates	plates	plates	plates
Words of Mormon 1:6	7.01	,	,	,	,	,	,	,	,
Words of Mormon 1:6	7.02	⌴	⌴	⌴	⌴	⌴	⌴	⌴	⌴
Words of Mormon 1:6	8	which	which	which	which	which	which	which	which
Words of Mormon 1:6	8.01	⌴	⌴	⌴	⌴	⌴	⌴	⌴	⌴
Words of Mormon 1:6	9	contain	contain	contain	contain	contain	contain	contain	contain
Words of Mormon 1:6	9.01	⌴	⌴	⌴	⌴	⌴	⌴	⌴	⌴
Words of Mormon 1:6	10	these	these	these	these	these	these	these	these
Words of Mormon 1:6	10.01	⌴	⌴	⌴	⌴	⌴	⌴	⌴	⌴
Words of Mormon 1:6	11	prophecyings	prophesyings	prophesyings	prophesyings	prophesyings	prophesyings	prophesyings	prophesyings
Words of Mormon 1:6	11.01	⌴	⌴	⌴	⌴	⌴	⌴	⌴	⌴
Words of Mormon 1:6	12	and	and	and	and	and	and	and	and
Words of Mormon 1:6	12.01	⌴	⌴	⌴	⌴	⌴	⌴	⌴	⌴
Words of Mormon 1:6	13	revelations	revelations	revelations	revelations	revelations	revelations	revelations	revelations
Words of Mormon 1:6	13.01	,	,	,	,	,	,	,	,
Words of Mormon 1:6	13.02	⌴	⌴	⌴	⌴	⌴	⌴	⌴	⌴
Words of Mormon 1:6	14	and	and	and	and	and	and	and	and
Words of Mormon 1:6	14.01	⌴	⌴	⌴	⌴	⌴	⌴	⌴	⌴
Words of Mormon 1:6	15	put	put	put	put	put	put	put	put
Words of Mormon 1:6	15.01	⌴	⌴	⌴	⌴	⌴	⌴	⌴	⌴
Words of Mormon 1:6	16	them	them	them	them	them	them	them	them
Words of Mormon 1:6	16.01	⌴	⌴	⌴	⌴	⌴	⌴	⌴	⌴
Words of Mormon 1:6	17	with	with	with	with	with	with	with	with
Words of Mormon 1:6	17.01	⌴	⌴	⌴	⌴	⌴	⌴	⌴	⌴
Words of Mormon 1:6	18	the	the	the	the	the	the	the	the
Words of Mormon 1:6	18.01	⌴	⌴	⌴	⌴	⌴	⌴	⌴	⌴
Words of Mormon 1:6	19	remainder	remainder	remainder	remainder	remainder	remainder	remainder	remainder
Words of Mormon 1:6	19.01	⌴	⌴	⌴	⌴	⌴	⌴	⌴	⌴
Words of Mormon 1:6	20	of	of	of	of	of	of	of	of
Words of Mormon 1:6	20.01	⌴	⌴	⌴	⌴	⌴	⌴	⌴	⌴
Words of Mormon 1:6	21	my	my	my	my	my	my	my	my
Words of Mormon 1:6	21.01	⌴	⌴	⌴	⌴	⌴	⌴	⌴	⌴
Words of Mormon 1:6	22	record	record	record	record	record	record	record	record
Words of Mormon 1:6	22.01	,	,	,	,	,	,	,	,
Words of Mormon 1:6	22.02	⌴	⌴	⌴	⌴	⌴	⌴	⌴	⌴
Words of Mormon 1:6	23	for	for	for	for	for	for	for	for
Words of Mormon 1:6	23.01	⌴	⌴	⌴	⌴	⌴	⌴	⌴	⌴
Words of Mormon 1:6	24	they	they	they	they	they	they	they	they
Words of Mormon 1:6	24.01	⌴	⌴	⌴	⌴	⌴	⌴	⌴	⌴
Words of Mormon 1:6	25	are	are	are	are	are	are	are	are
Words of Mormon 1:6	25.01	⌴	⌴	⌴	⌴	⌴	⌴	⌴	⌴
Words of Mormon 1:6	26	choice	choice	choice	choice	choice	choice	choice	choice
Words of Mormon 1:6	26.01	⌴	⌴	⌴	⌴	⌴	⌴	⌴	⌴
Words of Mormon 1:6	27	unto	unto	unto	unto	unto	unto	unto	unto
Words of Mormon 1:6	27.01	⌴	⌴	⌴	⌴	⌴	⌴	⌴	⌴
Words of Mormon 1:6	28	me	me	me	me	me	me	me	me
Words of Mormon 1:6	28.01	;	;	;	;	;	;	;	;
Words of Mormon 1:6	28.02	⌴	⌴	⌴	⌴	⌴	⌴	⌴	⌴
Words of Mormon 1:6	29	and	and	and	and	and	and	and	and
Words of Mormon 1:6	29.01	⌴	⌴	⌴	⌴	⌴	⌴	⌴	⌴
Words of Mormon 1:6	30	I	I	I	I	I	I	I	I
Words of Mormon 1:6	30.01	⌴	⌴	⌴	⌴	⌴	⌴	⌴	⌴
Words of Mormon 1:6	31	know	know	know	know	know	know	know	know
Words of Mormon 1:6	31.01	⌴	⌴	⌴	⌴	⌴	⌴	⌴	⌴
Words of Mormon 1:6	32	they	they	they	they	they	they	they	they
Words of Mormon 1:6	32.01	⌴	⌴	⌴	⌴	⌴	⌴	⌴	⌴
Words of Mormon 1:6	33	will	will	will	will	will	will	will	will
Words of Mormon 1:6	33.01	⌴	⌴	⌴	⌴	⌴	⌴	⌴	⌴
Words of Mormon 1:6	34	be	be	be	be	be	be	be	be
Words of Mormon 1:6	34.01	⌴	⌴	⌴	⌴	⌴	⌴	⌴	⌴
Words of Mormon 1:6	35	choice	choice	choice	choice	choice	choice	choice	choice
Words of Mormon 1:6	35.01	⌴	⌴	⌴	⌴	⌴	⌴	⌴	⌴
Words of Mormon 1:6	36	unto	unto	unto	unto	unto	unto	unto	unto
Words of Mormon 1:6	36.01	⌴	⌴	⌴	⌴	⌴	⌴	⌴	⌴
Words of Mormon 1:6	37	my	my	my	my	my	my	my	my
Words of Mormon 1:6	37.01	⌴	⌴	⌴	⌴	⌴	⌴	⌴	⌴
Words of Mormon 1:6	38	brethren	brethren	brethren	brethren	brethren	brethren	brethren	brethren
Words of Mormon 1:6	38.01	.	.	.	.	.	.	.	.
Words of Mormon 1:7	1	And	And	And	And	And	And	And	And
Words of Mormon 1:7	1.01	⌴	⌴	⌴	⌴	⌴	⌴	⌴	⌴
Words of Mormon 1:7	2	I	I	I	I	I	I	I	I
Words of Mormon 1:7	2.01	⌴	⌴	⌴	⌴	⌴	⌴	⌴	⌴
Words of Mormon 1:7	3	do	do	do	do	do	do	do	do
Words of Mormon 1:7	3.01	⌴	⌴	⌴	⌴	⌴	⌴	⌴	⌴
Words of Mormon 1:7	4	this	this	this	this	this	this	this	this
Words of Mormon 1:7	4.01	⌴	⌴	⌴	⌴	⌴	⌴	⌴	⌴
Words of Mormon 1:7	5	for	for	for	for	for	for	for	for
Words of Mormon 1:7	5.01	⌴	⌴	⌴	⌴	⌴	⌴	⌴	⌴
Words of Mormon 1:7	6	a	a	a	a	a	a	a	a
Words of Mormon 1:7	6.01	⌴	⌴	⌴	⌴	⌴	⌴	⌴	⌴
Words of Mormon 1:7	7	wise	wise	wise	wise	wise	wise	wise	wise
Words of Mormon 1:7	7.01	⌴	⌴	⌴	⌴	⌴	⌴	⌴	⌴
Words of Mormon 1:7	8	purpose	purpose	purpose	purpose	purpose	purpose	purpose	purpose
Words of Mormon 1:7	8.01	;	;	;	;	;	;	;	;
Words of Mormon 1:7	8.02	⌴	⌴	⌴	⌴	⌴	⌴	⌴	⌴
Words of Mormon 1:7	9	for	for	for	for	for	for	for	for
Words of Mormon 1:7	9.01	⌴	⌴	⌴	⌴	⌴	⌴	⌴	⌴
Words of Mormon 1:7	10	thus	thus	thus	thus	thus	thus	thus	thus
Words of Mormon 1:7	10.01	⌴	⌴	⌴	⌴	⌴	⌴	⌴	⌴
Words of Mormon 1:7	11	it	it	it	it	it	it	it	it
Words of Mormon 1:7	11.01	⌴	⌴	⌴	⌴	⌴	⌴	⌴	⌴
Words of Mormon 1:7	12	whispereth	whispereth	whispereth	whispereth	whispereth	whispereth	whispereth	whispereth
Words of Mormon 1:7	12.01	⌴	⌴	⌴	⌴	⌴	⌴	⌴	⌴
Words of Mormon 1:7	13	me	me	me	me	me	me	me	me
Words of Mormon 1:7	13.01	,	,	,	,	,	,	,	,
Words of Mormon 1:7	13.02	⌴	⌴	⌴	⌴	⌴	⌴	⌴	⌴
Words of Mormon 1:7	14	according	according	according	according	according	according	according	according
Words of Mormon 1:7	14.01	⌴	⌴	⌴	⌴	⌴	⌴	⌴	⌴
Words of Mormon 1:7	15	to	to	to	to	to	to	to	to
Words of Mormon 1:7	15.01	⌴	⌴	⌴	⌴	⌴	⌴	⌴	⌴
Words of Mormon 1:7	16	the	the	the	the	the	the	the	the
Words of Mormon 1:7	16.01	⌴	⌴	⌴	⌴	⌴	⌴	⌴	⌴
Words of Mormon 1:7	17	workings	workings	workings	workings	workings	workings	workings	workings
Words of Mormon 1:7	17.01	⌴	⌴	⌴	⌴	⌴	⌴	⌴	⌴
Words of Mormon 1:7	18	of	of	of	of	of	of	of	of
Words of Mormon 1:7	18.01	⌴	⌴	⌴	⌴	⌴	⌴	⌴	⌴
Words of Mormon 1:7	19	the	the	the	the	the	the	the	the
Words of Mormon 1:7	19.01	⌴	⌴	⌴	⌴	⌴	⌴	⌴	⌴
Words of Mormon 1:7	20	spirit	spirit	spirit	spirit	Spirit	Spirit	Spirit	Spirit
Words of Mormon 1:7	20.01	⌴	⌴	⌴	⌴	⌴	⌴	⌴	⌴
Words of Mormon 1:7	21	of	of	of	of	of	of	of	of
Words of Mormon 1:7	21.01	⌴	⌴	⌴	⌴	⌴	⌴	⌴	⌴
Words of Mormon 1:7	22	the	the	the	the	the	the	the	the
Words of Mormon 1:7	22.01	⌴	⌴	⌴	⌴	⌴	⌴	⌴	⌴
Words of Mormon 1:7	23	Lord	Lord	Lord	Lord	Lord	Lord	Lord	Lord
Words of Mormon 1:7	23.01	⌴	⌴	⌴	⌴	⌴	⌴	⌴	⌴
Words of Mormon 1:7	24	which	which	which	which	which	which	which	which
Words of Mormon 1:7	24.01	⌴	⌴	⌴	⌴	⌴	⌴	⌴	⌴
Words of Mormon 1:7	25	is	is	is	is	is	is	is	is
Words of Mormon 1:7	25.01	⌴	⌴	⌴	⌴	⌴	⌴	⌴	⌴
Words of Mormon 1:7	26	in	in	in	in	in	in	in	in
Words of Mormon 1:7	26.01	⌴	⌴	⌴	⌴	⌴	⌴	⌴	⌴
Words of Mormon 1:7	27	me	me	me	me	me	me	me	me
Words of Mormon 1:7	27.01	.	.	.	.	.	.	.	.
Words of Mormon 1:7	27.02	⌴	⌴	⌴	⌴	⌴	⌴	⌴	⌴
Words of Mormon 1:7	28	And	And	And	And	And	And	And	And
Words of Mormon 1:7	28.01	⌴	⌴	⌴	⌴	⌴	⌴	⌴	⌴
Words of Mormon 1:7	29	now	now	now	now	now	now	now	now
Words of Mormon 1:7	29.01	,	,	,	,	,	,	,	,
Words of Mormon 1:7	29.02	⌴	⌴	⌴	⌴	⌴	⌴	⌴	⌴
Words of Mormon 1:7	30	I	I	I	I	I	I	I	I
Words of Mormon 1:7	30.01	⌴	⌴	⌴	⌴	⌴	⌴	⌴	⌴
Words of Mormon 1:7	31	do	do	do	do	do	do	do	do
Words of Mormon 1:7	31.01	⌴	⌴	⌴	⌴	⌴	⌴	⌴	⌴
Words of Mormon 1:7	32	not	not	not	not	not	not	not	not
Words of Mormon 1:7	32.01	⌴	⌴	⌴	⌴	⌴	⌴	⌴	⌴
Words of Mormon 1:7	33	know	know	know	know	know	know	know	know
Words of Mormon 1:7	33.01	⌴	⌴	⌴	⌴	⌴	⌴	⌴	⌴
Words of Mormon 1:7	34	all	all	all	all	all	all	all	all
Words of Mormon 1:7	34.01	⌴	⌴	⌴	⌴	⌴	⌴	⌴	⌴
Words of Mormon 1:7	35	things	things	things	things	things	things	things	things
Words of Mormon 1:7	35.01	;	;	:	;	;	;	;	;
Words of Mormon 1:7	35.02	⌴	⌴	⌴	⌴	⌴	⌴	⌴	⌴
Words of Mormon 1:7	36	but	but	but	but	but	but	but	but
Words of Mormon 1:7	36.01	⌴	⌴	⌴	⌴	⌴	⌴	⌴	⌴
Words of Mormon 1:7	37	the	the	the	the	the	the	the	the
Words of Mormon 1:7	37.01	⌴	⌴	⌴	⌴	⌴	⌴	⌴	⌴
Words of Mormon 1:7	38	Lord	Lord	Lord	Lord	Lord	Lord	Lord	Lord
Words of Mormon 1:7	38.01	⌴	⌴	⌴	⌴	⌴	⌴	⌴	⌴
Words of Mormon 1:7	39	knoweth	knoweth	knoweth	knoweth	knoweth	knoweth	knoweth	knoweth
Words of Mormon 1:7	39.01	⌴	⌴	⌴	⌴	⌴	⌴	⌴	⌴
Words of Mormon 1:7	40	all	all	all	all	all	all	all	all
Words of Mormon 1:7	40.01	⌴	⌴	⌴	⌴	⌴	⌴	⌴	⌴
Words of Mormon 1:7	41	things	things	things	things	things	things	things	things
Words of Mormon 1:7	41.01	⌴	⌴	⌴	⌴	⌴	⌴	⌴	⌴
Words of Mormon 1:7	42	which	which	which	which	which	which	which	which
Words of Mormon 1:7	42.01	⌴	⌴	⌴	⌴	⌴	⌴	⌴	⌴
Words of Mormon 1:7	43	is	are	are	are	are	are	are	are
Words of Mormon 1:7	43.01	⌴	⌴	⌴	⌴	⌴	⌴	⌴	⌴
Words of Mormon 1:7	44	to	to	to	to	to	to	to	to
Words of Mormon 1:7	44.01	⌴	⌴	⌴	⌴	⌴	⌴	⌴	⌴
Words of Mormon 1:7	45	come	come	come	come	come	come	come	come
Words of Mormon 1:7	45.01	;	;	;	;	;	;	;	;
Words of Mormon 1:7	45.02	⌴	⌴	⌴	⌴	⌴	⌴	⌴	⌴
Words of Mormon 1:7	46	wherefore	wherefore	wherefore	wherefore	wherefore	wherefore	wherefore	wherefore
Words of Mormon 1:7	46.01	,	,	,	,	,	,	,	,
Words of Mormon 1:7	46.02	⌴	⌴	⌴	⌴	⌴	⌴	⌴	⌴
Words of Mormon 1:7	47	he	he	he	he	he	he	he	he
Words of Mormon 1:7	47.01	⌴	⌴	⌴	⌴	⌴	⌴	⌴	⌴
Words of Mormon 1:7	48	worketh	worketh	worketh	worketh	worketh	worketh	worketh	worketh
Words of Mormon 1:7	48.01	⌴	⌴	⌴	⌴	⌴	⌴	⌴	⌴
Words of Mormon 1:7	49	in	in	in	in	in	in	in	in
Words of Mormon 1:7	49.01	⌴	⌴	⌴	⌴	⌴	⌴	⌴	⌴
Words of Mormon 1:7	50	me	me	me	me	me	me	me	me
Words of Mormon 1:7	50.01	⌴	⌴	⌴	⌴	⌴	⌴	⌴	⌴
Words of Mormon 1:7	51	to	to	to	to	to	to	to	to
Words of Mormon 1:7	51.01	⌴	⌴	⌴	⌴	⌴	⌴	⌴	⌴
Words of Mormon 1:7	52	do	do	do	do	do	do	do	do
Words of Mormon 1:7	52.01	⌴	⌴	⌴	⌴	⌴	⌴	⌴	⌴
Words of Mormon 1:7	53	according	according	according	according	according	according	according	according
Words of Mormon 1:7	53.01	⌴	⌴	⌴	⌴	⌴	⌴	⌴	⌴
Words of Mormon 1:7	54	to	to	to	to	to	to	to	to
Words of Mormon 1:7	54.01	⌴	⌴	⌴	⌴	⌴	⌴	⌴	⌴
Words of Mormon 1:7	55	his	his	his	his	his	his	his	his
Words of Mormon 1:7	55.01	⌴	⌴	⌴	⌴	⌴	⌴	⌴	⌴
Words of Mormon 1:7	56	will	will	will	will	will	will	will	will
Words of Mormon 1:7	56.01	.	.	.	.	.	.	.	.
Words of Mormon 1:8	1	And	And	And	And	And	And	And	And
Words of Mormon 1:8	1.01	⌴	⌴	⌴	⌴	⌴	⌴	⌴	⌴
Words of Mormon 1:8	2	my	my	my	my	my	my	my	my
Words of Mormon 1:8	2.01	⌴	⌴	⌴	⌴	⌴	⌴	⌴	⌴
Words of Mormon 1:8	3	prayer	prayer	prayer	prayer	prayer	prayer	prayer	prayer
Words of Mormon 1:8	3.01	⌴	⌴	⌴	⌴	⌴	⌴	⌴	⌴
Words of Mormon 1:8	4	to	to	to	to	to	to	to	to
Words of Mormon 1:8	4.01	⌴	⌴	⌴	⌴	⌴	⌴	⌴	⌴
Words of Mormon 1:8	5	God	God	God	God	God	God	God	God
Words of Mormon 1:8	5.01	,	,	,	,	,	∅	∅	∅
Words of Mormon 1:8	5.02	⌴	⌴	⌴	⌴	⌴	⌴	⌴	⌴
Words of Mormon 1:8	6	is	is	is	is	is	is	is	is
Words of Mormon 1:8	6.01	⌴	⌴	⌴	⌴	⌴	⌴	⌴	⌴
Words of Mormon 1:8	7	concerning	concerning	concerning	concerning	concerning	concerning	concerning	concerning
Words of Mormon 1:8	7.01	⌴	⌴	⌴	⌴	⌴	⌴	⌴	⌴
Words of Mormon 1:8	8	my	my	my	my	my	my	my	my
Words of Mormon 1:8	8.01	⌴	⌴	⌴	⌴	⌴	⌴	⌴	⌴
Words of Mormon 1:8	9	brethren	brethren	brethren	brethren	brethren	brethren	brethren	brethren
Words of Mormon 1:8	9.01	,	,	,	,	,	,	,	,
Words of Mormon 1:8	9.02	⌴	⌴	⌴	⌴	⌴	⌴	⌴	⌴
Words of Mormon 1:8	10	that	that	that	that	that	that	that	that
Words of Mormon 1:8	10.01	⌴	⌴	⌴	⌴	⌴	⌴	⌴	⌴
Words of Mormon 1:8	11	they	they	they	they	they	they	they	they
Words of Mormon 1:8	11.01	⌴	⌴	⌴	⌴	⌴	⌴	⌴	⌴
Words of Mormon 1:8	12	may	may	may	may	may	may	may	may
Words of Mormon 1:8	12.01	⌴	⌴	⌴	⌴	⌴	⌴	⌴	⌴
Words of Mormon 1:8	13	once	once	once	once	once	once	once	once
Words of Mormon 1:8	13.01	⌴	⌴	⌴	⌴	⌴	⌴	⌴	⌴
Words of Mormon 1:8	14	again	again	again	again	again	again	again	again
Words of Mormon 1:8	14.01	⌴	⌴	⌴	⌴	⌴	⌴	⌴	⌴
Words of Mormon 1:8	15	come	come	come	come	come	come	come	come
Words of Mormon 1:8	15.01	⌴	⌴	⌴	⌴	⌴	⌴	⌴	⌴
Words of Mormon 1:8	16	to	to	to	to	to	to	to	to
Words of Mormon 1:8	16.01	⌴	⌴	⌴	⌴	⌴	⌴	⌴	⌴
Words of Mormon 1:8	17	the	the	the	the	the	the	the	the
Words of Mormon 1:8	17.01	⌴	⌴	⌴	⌴	⌴	⌴	⌴	⌴
Words of Mormon 1:8	18	knowledge	knowledge	knowledge	knowledge	knowledge	knowledge	knowledge	knowledge
Words of Mormon 1:8	18.01	⌴	⌴	⌴	⌴	⌴	⌴	⌴	⌴
Words of Mormon 1:8	19	of	of	of	of	of	of	of	of
Words of Mormon 1:8	19.01	⌴	⌴	⌴	⌴	⌴	⌴	⌴	⌴
Words of Mormon 1:8	20	God	God	God	God	God	God	God	God
Words of Mormon 1:8	20.01	;	;	;	;	;	,	,	,
Words of Mormon 1:8	20.02	⌴	⌴	⌴	⌴	⌴	⌴	⌴	⌴
Words of Mormon 1:8	21	yea	yea	yea	yea	yea	yea	yea	yea
Words of Mormon 1:8	21.01	,	,	,	,	,	,	,	,
Words of Mormon 1:8	21.02	⌴	⌴	⌴	⌴	⌴	⌴	⌴	⌴
Words of Mormon 1:8	22	the	the	the	the	the	the	the	the
Words of Mormon 1:8	22.01	⌴	⌴	⌴	⌴	⌴	⌴	⌴	⌴
Words of Mormon 1:8	23	redemption	redemption	redemption	redemption	redemption	redemption	redemption	redemption
Words of Mormon 1:8	23.01	⌴	⌴	⌴	⌴	⌴	⌴	⌴	⌴
Words of Mormon 1:8	24	of	of	of	of	of	of	of	of
Words of Mormon 1:8	24.01	⌴	⌴	⌴	⌴	⌴	⌴	⌴	⌴
Words of Mormon 1:8	25	Christ	Christ	Christ	Christ	Christ	Christ	Christ	Christ
Words of Mormon 1:8	25.01	;	;	;	;	;	;	;	;
Words of Mormon 1:8	25.02	⌴	⌴	⌴	⌴	⌴	⌴	⌴	⌴
Words of Mormon 1:8	26	that	that	that	that	that	that	that	that
Words of Mormon 1:8	26.01	⌴	⌴	⌴	⌴	⌴	⌴	⌴	⌴
Words of Mormon 1:8	27	they	they	they	they	they	they	they	they
Words of Mormon 1:8	27.01	⌴	⌴	⌴	⌴	⌴	⌴	⌴	⌴
Words of Mormon 1:8	28	may	may	may	may	may	may	may	may
Words of Mormon 1:8	28.01	⌴	⌴	⌴	⌴	⌴	⌴	⌴	⌴
Words of Mormon 1:8	29	once	once	once	once	once	once	once	once
Words of Mormon 1:8	29.01	⌴	⌴	⌴	⌴	⌴	⌴	⌴	⌴
Words of Mormon 1:8	30	again	again	again	again	again	again	again	again
Words of Mormon 1:8	30.01	⌴	⌴	⌴	⌴	⌴	⌴	⌴	⌴
Words of Mormon 1:8	31	be	be	be	be	be	be	be	be
Words of Mormon 1:8	31.01	⌴	⌴	⌴	⌴	⌴	⌴	⌴	⌴
Words of Mormon 1:8	32	a	a	a	a	a	a	a	a
Words of Mormon 1:8	32.01	⌴	⌴	⌴	⌴	⌴	⌴	⌴	⌴
Words of Mormon 1:8	33	delightsome	delightsome	delightsome	delightsome	delightsome	delightsome	delightsome	delightsome
Words of Mormon 1:8	33.01	⌴	⌴	⌴	⌴	⌴	⌴	⌴	⌴
Words of Mormon 1:8	34	people	people	people	people	people	people	people	people
Words of Mormon 1:8	34.01	.	.	.	.	.	.	.	.
Words of Mormon 1:9	1	And	And	And	And	And	And	And	And
Words of Mormon 1:9	1.01	⌴	⌴	⌴	⌴	⌴	⌴	⌴	⌴
Words of Mormon 1:9	2	now	now	now	now	now	now	now	now
Words of Mormon 1:9	2.01	⌴	⌴	⌴	⌴	⌴	⌴	⌴	⌴
Words of Mormon 1:9	3	I	I	I	I	I	I	I	I
Words of Mormon 1:9	3.01	,	,	,	,	,	,	,	,
Words of Mormon 1:9	3.02	⌴	⌴	⌴	⌴	⌴	⌴	⌴	⌴
Words of Mormon 1:9	4	Mormon	Mormon	Mormon	Mormon	Mormon	Mormon	Mormon	Mormon
Words of Mormon 1:9	4.01	,	,	,	,	,	,	,	,
Words of Mormon 1:9	4.02	⌴	⌴	⌴	⌴	⌴	⌴	⌴	⌴
Words of Mormon 1:9	5	proceed	proceed	proceed	proceed	proceed	proceed	proceed	proceed
Words of Mormon 1:9	5.01	⌴	⌴	⌴	⌴	⌴	⌴	⌴	⌴
Words of Mormon 1:9	6	to	to	to	to	to	to	to	to
Words of Mormon 1:9	6.01	⌴	⌴	⌴	⌴	⌴	⌴	⌴	⌴
Words of Mormon 1:9	7	finish	finish	finish	finish	finish	finish	finish	finish
Words of Mormon 1:9	7.01	⌴	⌴	⌴	⌴	⌴	⌴	⌴	⌴
Words of Mormon 1:9	8	out	out	out	out	out	out	out	out
Words of Mormon 1:9	8.01	⌴	⌴	⌴	⌴	⌴	⌴	⌴	⌴
Words of Mormon 1:9	9	my	my	my	my	my	my	my	my
Words of Mormon 1:9	9.01	⌴	⌴	⌴	⌴	⌴	⌴	⌴	⌴
Words of Mormon 1:9	10	record	record	record	record	record	record	record	record
Words of Mormon 1:9	10.01	,	,	,	,	,	,	,	,
Words of Mormon 1:9	10.02	⌴	⌴	⌴	⌴	⌴	⌴	⌴	⌴
Words of Mormon 1:9	11	which	which	which	which	which	which	which	which
Words of Mormon 1:9	11.01	⌴	⌴	⌴	⌴	⌴	⌴	⌴	⌴
Words of Mormon 1:9	12	I	I	I	I	I	I	I	I
Words of Mormon 1:9	12.01	⌴	⌴	⌴	⌴	⌴	⌴	⌴	⌴
Words of Mormon 1:9	13	take	take	take	take	take	take	take	take
Words of Mormon 1:9	13.01	⌴	⌴	⌴	⌴	⌴	⌴	⌴	⌴
Words of Mormon 1:9	14	from	from	from	from	from	from	from	from
Words of Mormon 1:9	14.01	⌴	⌴	⌴	⌴	⌴	⌴	⌴	⌴
Words of Mormon 1:9	15	the	the	the	the	the	the	the	the
Words of Mormon 1:9	15.01	⌴	⌴	⌴	⌴	⌴	⌴	⌴	⌴
Words of Mormon 1:9	16	plates	plates	plates	plates	plates	plates	plates	plates
Words of Mormon 1:9	16.01	⌴	⌴	⌴	⌴	⌴	⌴	⌴	⌴
Words of Mormon 1:9	17	of	of	of	of	of	of	of	of
Words of Mormon 1:9	17.01	⌴	⌴	⌴	⌴	⌴	⌴	⌴	⌴
Words of Mormon 1:9	18	Nephi	Nephi	Nephi	Nephi	Nephi	Nephi	Nephi	Nephi
Words of Mormon 1:9	18.01	;	;	;	;	;	;	;	;
Words of Mormon 1:9	18.02	⌴	⌴	⌴	⌴	⌴	⌴	⌴	⌴
Words of Mormon 1:9	19	and	and	and	and	and	and	and	and
Words of Mormon 1:9	19.01	⌴	⌴	⌴	⌴	⌴	⌴	⌴	⌴
Words of Mormon 1:9	20	I	I	I	I	I	I	I	I
Words of Mormon 1:9	20.01	⌴	⌴	⌴	⌴	⌴	⌴	⌴	⌴
Words of Mormon 1:9	21	make	make	make	make	make	make	make	make
Words of Mormon 1:9	21.01	⌴	⌴	⌴	⌴	⌴	⌴	⌴	⌴
Words of Mormon 1:9	22	it	it	it	it	it	it	it	it
Words of Mormon 1:9	22.01	⌴	⌴	⌴	⌴	⌴	⌴	⌴	⌴
Words of Mormon 1:9	23	according	according	according	according	according	according	according	according
Words of Mormon 1:9	23.01	⌴	⌴	⌴	⌴	⌴	⌴	⌴	⌴
Words of Mormon 1:9	24	to	to	to	to	to	to	to	to
Words of Mormon 1:9	24.01	⌴	⌴	⌴	⌴	⌴	⌴	⌴	⌴
Words of Mormon 1:9	25	the	the	the	the	the	the	the	the
Words of Mormon 1:9	25.01	⌴	⌴	⌴	⌴	⌴	⌴	⌴	⌴
Words of Mormon 1:9	26	knowledge	knowledge	knowledge	knowledge	knowledge	knowledge	knowledge	knowledge
Words of Mormon 1:9	26.01	⌴	⌴	⌴	⌴	⌴	⌴	⌴	⌴
Words of Mormon 1:9	27	and	and	and	and	and	and	and	and
Words of Mormon 1:9	27.01	⌴	⌴	⌴	⌴	⌴	⌴	⌴	⌴
Words of Mormon 1:9	28	the	the	the	the	the	the	the	the
Words of Mormon 1:9	28.01	⌴	⌴	⌴	⌴	⌴	⌴	⌴	⌴
Words of Mormon 1:9	29	understanding	understanding	understanding	understanding	understanding	understanding	understanding	understanding
Words of Mormon 1:9	29.01	⌴	⌴	⌴	⌴	⌴	⌴	⌴	⌴
Words of Mormon 1:9	30	which	which	which	which	which	which	which	which
Words of Mormon 1:9	30.01	⌴	⌴	⌴	⌴	⌴	⌴	⌴	⌴
Words of Mormon 1:9	31	God	God	God	God	God	God	God	God
Words of Mormon 1:9	31.01	⌴	⌴	⌴	⌴	⌴	⌴	⌴	⌴
Words of Mormon 1:9	32	hath	has	has	has	has	has	has	has
Words of Mormon 1:9	32.01	⌴	⌴	⌴	⌴	⌴	⌴	⌴	⌴
Words of Mormon 1:9	33	given	given	given	given	given	given	given	given
Words of Mormon 1:9	33.01	⌴	⌴	⌴	⌴	⌴	⌴	⌴	⌴
Words of Mormon 1:9	34	me	me	me	me	me	me	me	me
Words of Mormon 1:9	34.01	.	.	.	.	.	.	.	.
Words of Mormon 1:10	1	Wherefore	Wherefore	Wherefore	Wherefore	Wherefore	Wherefore	Wherefore	Wherefore
Words of Mormon 1:10	1.01	,	,	,	,	∅	,	,	,
Words of Mormon 1:10	1.02	⌴	⌴	⌴	⌴	⌴	⌴	⌴	⌴
Words of Mormon 1:10	2	it	it	it	it	it	it	it	it
Words of Mormon 1:10	2.01	⌴	⌴	⌴	⌴	⌴	⌴	⌴	⌴
Words of Mormon 1:10	3	came	came	came	came	came	came	came	came
Words of Mormon 1:10	3.01	⌴	⌴	⌴	⌴	⌴	⌴	⌴	⌴
Words of Mormon 1:10	4	to	to	to	to	to	to	to	to
Words of Mormon 1:10	4.01	⌴	⌴	⌴	⌴	⌴	⌴	⌴	⌴
Words of Mormon 1:10	5	pass	pass	pass	pass	pass	pass	pass	pass
Words of Mormon 1:10	5.01	⌴	⌴	⌴	⌴	⌴	⌴	⌴	⌴
Words of Mormon 1:10	6	that	that	that	that	that	that	that	that
Words of Mormon 1:10	6.01	⌴	⌴	⌴	⌴	⌴	⌴	⌴	⌴
Words of Mormon 1:10	7	after	after	after	after	after	after	after	after
Words of Mormon 1:10	7.01	⌴	⌴	⌴	⌴	⌴	⌴	⌴	⌴
Words of Mormon 1:10	8	Amaleki	Amaleki	Amaleki	Amaleki	Amaleki	Amaleki	Amaleki	Amaleki
Words of Mormon 1:10	8.01	⌴	⌴	⌴	⌴	⌴	⌴	⌴	⌴
Words of Mormon 1:10	9	had	had	had	had	had	had	had	had
Words of Mormon 1:10	9.01	⌴	⌴	⌴	⌴	⌴	⌴	⌴	⌴
Words of Mormon 1:10	10	delivered	delivered	delivered	delivered	delivered	delivered	delivered	delivered
Words of Mormon 1:10	10.01	⌴	⌴	⌴	⌴	⌴	⌴	⌴	⌴
Words of Mormon 1:10	11	up	up	up	up	up	up	up	up
Words of Mormon 1:10	11.01	⌴	⌴	⌴	⌴	⌴	⌴	⌴	⌴
Words of Mormon 1:10	12	these	these	these	these	these	these	these	these
Words of Mormon 1:10	12.01	⌴	⌴	⌴	⌴	⌴	⌴	⌴	⌴
Words of Mormon 1:10	13	plates	plates	plates	plates	plates	plates	plates	plates
Words of Mormon 1:10	13.01	⌴	⌴	⌴	⌴	⌴	⌴	⌴	⌴
Words of Mormon 1:10	14	into	into	into	into	into	into	into	into
Words of Mormon 1:10	14.01	⌴	⌴	⌴	⌴	⌴	⌴	⌴	⌴
Words of Mormon 1:10	15	the	the	the	the	the	the	the	the
Words of Mormon 1:10	15.01	⌴	⌴	⌴	⌴	⌴	⌴	⌴	⌴
Words of Mormon 1:10	16	hands	hands	hands	hands	hands	hands	hands	hands
Words of Mormon 1:10	16.01	⌴	⌴	⌴	⌴	⌴	⌴	⌴	⌴
Words of Mormon 1:10	17	of	of	of	of	of	of	of	of
Words of Mormon 1:10	17.01	⌴	⌴	⌴	⌴	⌴	⌴	⌴	⌴
Words of Mormon 1:10	18	king	king	king	king	king	king	king	king
Words of Mormon 1:10	18.01	⌴	⌴	⌴	⌴	⌴	⌴	⌴	⌴
Words of Mormon 1:10	19	Benjamin	Benjamin	Benjamin	Benjamin	Benjamin	Benjamin	Benjamin	Benjamin
Words of Mormon 1:10	19.01	,	,	,	,	,	,	,	,
Words of Mormon 1:10	19.02	⌴	⌴	⌴	⌴	⌴	⌴	⌴	⌴
Words of Mormon 1:10	20	he	he	he	he	he	he	he	he
Words of Mormon 1:10	20.01	⌴	⌴	⌴	⌴	⌴	⌴	⌴	⌴
Words of Mormon 1:10	21	took	took	took	took	took	took	took	took
Words of Mormon 1:10	21.01	⌴	⌴	⌴	⌴	⌴	⌴	⌴	⌴
Words of Mormon 1:10	22	them	them	them	them	them	them	them	them
Words of Mormon 1:10	22.01	⌴	⌴	⌴	⌴	⌴	⌴	⌴	⌴
Words of Mormon 1:10	23	and	and	and	and	and	and	and	and
Words of Mormon 1:10	23.01	⌴	⌴	⌴	⌴	⌴	⌴	⌴	⌴
Words of Mormon 1:10	24	put	put	put	put	put	put	put	put
Words of Mormon 1:10	24.01	⌴	⌴	⌴	⌴	⌴	⌴	⌴	⌴
Words of Mormon 1:10	25	them	them	them	them	them	them	them	them
Words of Mormon 1:10	25.01	⌴	⌴	⌴	⌴	⌴	⌴	⌴	⌴
Words of Mormon 1:10	26	with	with	with	with	with	with	with	with
Words of Mormon 1:10	26.01	⌴	⌴	⌴	⌴	⌴	⌴	⌴	⌴
Words of Mormon 1:10	27	the	the	the	the	the	the	the	the
Words of Mormon 1:10	27.01	⌴	⌴	⌴	⌴	⌴	⌴	⌴	⌴
Words of Mormon 1:10	28	other	other	other	other	other	other	other	other
Words of Mormon 1:10	28.01	⌴	⌴	⌴	⌴	⌴	⌴	⌴	⌴
Words of Mormon 1:10	29	plates	plates	plates	plates	plates	plates	plates	plates
Words of Mormon 1:10	29.01	,	,	,	,	,	,	,	,
Words of Mormon 1:10	29.02	⌴	⌴	⌴	⌴	⌴	⌴	⌴	⌴
Words of Mormon 1:10	30	which	which	which	which	which	which	which	which
Words of Mormon 1:10	30.01	⌴	⌴	⌴	⌴	⌴	⌴	⌴	⌴
Words of Mormon 1:10	31	contained	contained	contained	contained	contained	contained	contained	contained
Words of Mormon 1:10	31.01	⌴	⌴	⌴	⌴	⌴	⌴	⌴	⌴
Words of Mormon 1:10	32	records	records	records	records	records	records	records	records
Words of Mormon 1:10	32.01	⌴	⌴	⌴	⌴	⌴	⌴	⌴	⌴
Words of Mormon 1:10	33	which	which	which	which	which	which	which	which
Words of Mormon 1:10	33.01	⌴	⌴	⌴	⌴	⌴	⌴	⌴	⌴
Words of Mormon 1:10	34	had	had	had	had	had	had	had	had
Words of Mormon 1:10	34.01	⌴	⌴	⌴	⌴	⌴	⌴	⌴	⌴
Words of Mormon 1:10	35	been	been	been	been	been	been	been	been
Words of Mormon 1:10	35.01	⌴	⌴	⌴	⌴	⌴	⌴	⌴	⌴
Words of Mormon 1:10	36	handed	handed	handed	handed	handed	handed	handed	handed
Words of Mormon 1:10	36.01	⌴	⌴	⌴	⌴	⌴	⌴	⌴	⌴
Words of Mormon 1:10	37	down	down	down	down	down	down	down	down
Words of Mormon 1:10	37.01	⌴	⌴	⌴	⌴	⌴	⌴	⌴	⌴
Words of Mormon 1:10	38	by	by	by	by	by	by	by	by
Words of Mormon 1:10	38.01	⌴	⌴	⌴	⌴	⌴	⌴	⌴	⌴
Words of Mormon 1:10	39	the	the	the	the	the	the	the	the
Words of Mormon 1:10	39.01	⌴	⌴	⌴	⌴	⌴	⌴	⌴	⌴
Words of Mormon 1:10	40	kings	kings	kings	kings	kings	kings	kings	kings
Words of Mormon 1:10	40.01	,	,	,	,	,	,	,	,
Words of Mormon 1:10	40.02	⌴	⌴	⌴	⌴	⌴	⌴	⌴	⌴
Words of Mormon 1:10	41	from	from	from	from	from	from	from	from
Words of Mormon 1:10	41.01	⌴	⌴	⌴	⌴	⌴	⌴	⌴	⌴
Words of Mormon 1:10	42	generation	generation	generation	generation	generation	generation	generation	generation
Words of Mormon 1:10	42.01	⌴	⌴	⌴	⌴	⌴	⌴	⌴	⌴
Words of Mormon 1:10	43	to	to	to	to	to	to	to	to
Words of Mormon 1:10	43.01	⌴	⌴	⌴	⌴	⌴	⌴	⌴	⌴
Words of Mormon 1:10	44	generation	generation	generation	generation	generation	generation	generation	generation
Words of Mormon 1:10	44.01	,	,	,	,	,	∅	∅	∅
Words of Mormon 1:10	44.02	⌴	⌴	⌴	⌴	⌴	⌴	⌴	⌴
Words of Mormon 1:10	45	until	until	until	until	until	until	until	until
Words of Mormon 1:10	45.01	⌴	⌴	⌴	⌴	⌴	⌴	⌴	⌴
Words of Mormon 1:10	46	the	the	the	the	the	the	the	the
Words of Mormon 1:10	46.01	⌴	⌴	⌴	⌴	⌴	⌴	⌴	⌴
Words of Mormon 1:10	47	days	days	days	days	days	days	days	days
Words of Mormon 1:10	47.01	⌴	⌴	⌴	⌴	⌴	⌴	⌴	⌴
Words of Mormon 1:10	48	of	of	of	of	of	of	of	of
Words of Mormon 1:10	48.01	⌴	⌴	⌴	⌴	⌴	⌴	⌴	⌴
Words of Mormon 1:10	49	king	king	king	king	king	king	king	king
Words of Mormon 1:10	49.01	⌴	⌴	⌴	⌴	⌴	⌴	⌴	⌴
Words of Mormon 1:10	50	Benjamin	Benjamin	Benjamin	Benjamin	Benjamin	Benjamin	Benjamin	Benjamin
Words of Mormon 1:10	50.01	;	;	;	;	;	.	.	.
Words of Mormon 1:11	1	and	and	and	and	And	And	And	And
Words of Mormon 1:11	1.01	⌴	⌴	⌴	⌴	⌴	⌴	⌴	⌴
Words of Mormon 1:11	2	they	they	they	they	they	they	they	they
Words of Mormon 1:11	2.01	⌴	⌴	⌴	⌴	⌴	⌴	⌴	⌴
Words of Mormon 1:11	3	were	were	were	were	were	were	were	were
Words of Mormon 1:11	3.01	⌴	⌴	⌴	⌴	⌴	⌴	⌴	⌴
Words of Mormon 1:11	4	handed	handed	handed	handed	handed	handed	handed	handed
Words of Mormon 1:11	4.01	⌴	⌴	⌴	⌴	⌴	⌴	⌴	⌴
Words of Mormon 1:11	5	down	down	down	down	down	down	down	down
Words of Mormon 1:11	5.01	⌴	⌴	⌴	⌴	⌴	⌴	⌴	⌴
Words of Mormon 1:11	6	from	from	from	from	from	from	from	from
Words of Mormon 1:11	6.01	⌴	⌴	⌴	⌴	⌴	⌴	⌴	⌴
Words of Mormon 1:11	7	king	king	king	king	king	king	king	king
Words of Mormon 1:11	7.01	⌴	⌴	⌴	⌴	⌴	⌴	⌴	⌴
Words of Mormon 1:11	8	Benjamin	Benjamin	Benjamin	Benjamin	Benjamin	Benjamin	Benjamin	Benjamin
Words of Mormon 1:11	8.01	,	,	,	,	,	,	,	,
Words of Mormon 1:11	8.02	⌴	⌴	⌴	⌴	⌴	⌴	⌴	⌴
Words of Mormon 1:11	9	from	from	from	from	from	from	from	from
Words of Mormon 1:11	9.01	⌴	⌴	⌴	⌴	⌴	⌴	⌴	⌴
Words of Mormon 1:11	10	generation	generation	generation	generation	generation	generation	generation	generation
Words of Mormon 1:11	10.01	⌴	⌴	⌴	⌴	⌴	⌴	⌴	⌴
Words of Mormon 1:11	11	to	to	to	to	to	to	to	to
Words of Mormon 1:11	11.01	⌴	⌴	⌴	⌴	⌴	⌴	⌴	⌴
Words of Mormon 1:11	12	generation	generation	generation	generation	generation	generation	generation	generation
Words of Mormon 1:11	12.01	,	,	,	,	,	∅	∅	∅
Words of Mormon 1:11	12.02	⌴	⌴	⌴	⌴	⌴	⌴	⌴	⌴
Words of Mormon 1:11	13	until	until	until	until	until	until	until	until
Words of Mormon 1:11	13.01	⌴	⌴	⌴	⌴	⌴	⌴	⌴	⌴
Words of Mormon 1:11	14	they	they	they	they	they	they	they	they
Words of Mormon 1:11	14.01	⌴	⌴	⌴	⌴	⌴	⌴	⌴	⌴
Words of Mormon 1:11	15	have	have	have	have	have	have	have	have
Words of Mormon 1:11	15.01	⌴	⌴	⌴	⌴	⌴	⌴	⌴	⌴
Words of Mormon 1:11	16	fallen	fallen	fallen	fallen	fallen	fallen	fallen	fallen
Words of Mormon 1:11	16.01	⌴	⌴	⌴	⌴	⌴	⌴	⌴	⌴
Words of Mormon 1:11	17	into	into	into	into	into	into	into	into
Words of Mormon 1:11	17.01	⌴	⌴	⌴	⌴	⌴	⌴	⌴	⌴
Words of Mormon 1:11	18	my	my	my	my	my	my	my	my
Words of Mormon 1:11	18.01	⌴	⌴	⌴	⌴	⌴	⌴	⌴	⌴
Words of Mormon 1:11	19	hands	hands	hands	hands	hands	hands	hands	hands
Words of Mormon 1:11	19.01	.	.	.	.	.	.	.	.
Words of Mormon 1:11	19.02	⌴	⌴	⌴	⌴	⌴	⌴	⌴	⌴
Words of Mormon 1:11	20	And	And	And	And	And	And	And	And
Words of Mormon 1:11	20.01	⌴	⌴	⌴	⌴	⌴	⌴	⌴	⌴
Words of Mormon 1:11	21	I	I	I	I	I	I	I	I
Words of Mormon 1:11	21.01	,	,	,	,	,	,	,	,
Words of Mormon 1:11	21.02	⌴	⌴	⌴	⌴	⌴	⌴	⌴	⌴
Words of Mormon 1:11	22	Mormon	Mormon	Mormon	Mormon	Mormon	Mormon	Mormon	Mormon
Words of Mormon 1:11	22.01	,	,	,	,	,	,	,	,
Words of Mormon 1:11	22.02	⌴	⌴	⌴	⌴	⌴	⌴	⌴	⌴
Words of Mormon 1:11	23	pray	pray	pray	pray	pray	pray	pray	pray
Words of Mormon 1:11	23.01	⌴	⌴	⌴	⌴	⌴	⌴	⌴	⌴
Words of Mormon 1:11	24	to	to	to	to	to	to	to	to
Words of Mormon 1:11	24.01	⌴	⌴	⌴	⌴	⌴	⌴	⌴	⌴
Words of Mormon 1:11	25	God	God	God	God	God	God	God	God
Words of Mormon 1:11	25.01	⌴	⌴	⌴	⌴	⌴	⌴	⌴	⌴
Words of Mormon 1:11	26	that	that	that	that	that	that	that	that
Words of Mormon 1:11	26.01	⌴	⌴	⌴	⌴	⌴	⌴	⌴	⌴
Words of Mormon 1:11	27	they	they	they	they	they	they	they	they
Words of Mormon 1:11	27.01	⌴	⌴	⌴	⌴	⌴	⌴	⌴	⌴
Words of Mormon 1:11	28	may	may	may	may	may	may	may	may
Words of Mormon 1:11	28.01	⌴	⌴	⌴	⌴	⌴	⌴	⌴	⌴
Words of Mormon 1:11	29	be	be	be	be	be	be	be	be
Words of Mormon 1:11	29.01	⌴	⌴	⌴	⌴	⌴	⌴	⌴	⌴
Words of Mormon 1:11	30	preserved	preserved	preserved	preserved	preserved	preserved	preserved	preserved
Words of Mormon 1:11	30.01	,	,	,	,	,	∅	∅	∅
Words of Mormon 1:11	30.02	⌴	⌴	⌴	⌴	⌴	⌴	⌴	⌴
Words of Mormon 1:11	31	from	from	from	from	from	from	from	from
Words of Mormon 1:11	31.01	⌴	⌴	⌴	⌴	⌴	⌴	⌴	⌴
Words of Mormon 1:11	32	this	this	this	this	this	this	this	this
Words of Mormon 1:11	32.01	⌴	⌴	⌴	⌴	⌴	⌴	⌴	⌴
Words of Mormon 1:11	33	time	time	time	time	time	time	time	time
Words of Mormon 1:11	33.01	⌴	⌴	⌴	⌴	⌴	⌴	⌴	⌴
Words of Mormon 1:11	34	henceforth	henceforth	henceforth	henceforth	henceforth	henceforth	henceforth	henceforth
Words of Mormon 1:11	35.01	.	.	.	.	.	.	.	.
Words of Mormon 1:11	35.02	⌴	⌴	⌴	⌴	⌴	⌴	⌴	⌴
Words of Mormon 1:11	36	And	And	And	And	And	And	And	And
Words of Mormon 1:11	36.01	⌴	⌴	⌴	⌴	⌴	⌴	⌴	⌴
Words of Mormon 1:11	37	I	I	I	I	I	I	I	I
Words of Mormon 1:11	37.01	⌴	⌴	⌴	⌴	⌴	⌴	⌴	⌴
Words of Mormon 1:11	38	know	know	know	know	know	know	know	know
Words of Mormon 1:11	38.01	⌴	⌴	⌴	⌴	⌴	⌴	⌴	⌴
Words of Mormon 1:11	39	that	that	that	that	that	that	that	that
Words of Mormon 1:11	39.01	⌴	⌴	⌴	⌴	⌴	⌴	⌴	⌴
Words of Mormon 1:11	40	they	they	they	they	they	they	they	they
Words of Mormon 1:11	40.01	⌴	⌴	⌴	⌴	⌴	⌴	⌴	⌴
Words of Mormon 1:11	41	will	will	will	will	will	will	will	will
Words of Mormon 1:11	41.01	⌴	⌴	⌴	⌴	⌴	⌴	⌴	⌴
Words of Mormon 1:11	42	be	be	be	be	be	be	be	be
Words of Mormon 1:11	42.01	⌴	⌴	⌴	⌴	⌴	⌴	⌴	⌴
Words of Mormon 1:11	43	preserved	preserved	preserved	preserved	preserved	preserved	preserved	preserved
Words of Mormon 1:11	43.01	:	:	:	:	;	;	;	;
Words of Mormon 1:11	43.02	⌴	⌴	⌴	⌴	⌴	⌴	⌴	⌴
Words of Mormon 1:11	44	for	for	for	for	for	for	for	for
Words of Mormon 1:11	44.01	⌴	⌴	⌴	⌴	⌴	⌴	⌴	⌴
Words of Mormon 1:11	45	there	there	there	there	there	there	there	there
Words of Mormon 1:11	45.01	⌴	⌴	⌴	⌴	⌴	⌴	⌴	⌴
Words of Mormon 1:11	46	are	are	are	are	are	are	are	are
Words of Mormon 1:11	46.01	⌴	⌴	⌴	⌴	⌴	⌴	⌴	⌴
Words of Mormon 1:11	47	great	great	great	great	great	great	great	great
Words of Mormon 1:11	47.01	⌴	⌴	⌴	⌴	⌴	⌴	⌴	⌴
Words of Mormon 1:11	48	things	things	things	things	things	things	things	things
Words of Mormon 1:11	48.01	⌴	⌴	⌴	⌴	⌴	⌴	⌴	⌴
Words of Mormon 1:11	49	written	written	written	written	written	written	written	written
Words of Mormon 1:11	49.01	⌴	⌴	⌴	⌴	⌴	⌴	⌴	⌴
Words of Mormon 1:11	50	upon	upon	upon	upon	upon	upon	upon	upon
Words of Mormon 1:11	50.01	⌴	⌴	⌴	⌴	⌴	⌴	⌴	⌴
Words of Mormon 1:11	51	them	them	them	them	them	them	them	them
Words of Mormon 1:11	51.01	,	,	,	,	,	,	,	,
Words of Mormon 1:11	51.02	⌴	⌴	⌴	⌴	⌴	⌴	⌴	⌴
Words of Mormon 1:11	52	out	out	out	out	out	out	out	out
Words of Mormon 1:11	52.01	⌴	⌴	⌴	⌴	⌴	⌴	⌴	⌴
Words of Mormon 1:11	53	of	of	of	of	of	of	of	of
Words of Mormon 1:11	53.01	⌴	⌴	⌴	⌴	⌴	⌴	⌴	⌴
Words of Mormon 1:11	54	which	which	which	which	which	which	which	which
Words of Mormon 1:11	54.01	⌴	⌴	⌴	⌴	⌴	⌴	⌴	⌴
Words of Mormon 1:11	55	my	my	my	my	my	my	my	my
Words of Mormon 1:11	55.01	⌴	⌴	⌴	⌴	⌴	⌴	⌴	⌴
Words of Mormon 1:11	56	people	people	people	people	people	people	people	people
Words of Mormon 1:11	56.01	⌴	⌴	⌴	⌴	⌴	⌴	⌴	⌴
Words of Mormon 1:11	57	and	and	and	and	and	and	and	and
Words of Mormon 1:11	57.01	⌴	⌴	⌴	⌴	⌴	⌴	⌴	⌴
Words of Mormon 1:11	58	their	their	their	their	their	their	their	their
Words of Mormon 1:11	58.01	⌴	⌴	⌴	⌴	⌴	⌴	⌴	⌴
Words of Mormon 1:11	59	brethren	brethren	brethren	brethren	brethren	brethren	brethren	brethren
Words of Mormon 1:11	59.01	,	,	,	,	,	∅	∅	∅
Words of Mormon 1:11	59.02	⌴	⌴	⌴	⌴	⌴	⌴	⌴	⌴
Words of Mormon 1:11	60	shall	shall	shall	shall	shall	shall	shall	shall
Words of Mormon 1:11	60.01	⌴	⌴	⌴	⌴	⌴	⌴	⌴	⌴
Words of Mormon 1:11	61	be	be	be	be	be	be	be	be
Words of Mormon 1:11	61.01	⌴	⌴	⌴	⌴	⌴	⌴	⌴	⌴
Words of Mormon 1:11	62	judged	judged	judged	judged	judged	judged	judged	judged
Words of Mormon 1:11	62.01	⌴	⌴	⌴	⌴	⌴	⌴	⌴	⌴
Words of Mormon 1:11	63	at	at	at	at	at	at	at	at
Words of Mormon 1:11	63.01	⌴	⌴	⌴	⌴	⌴	⌴	⌴	⌴
Words of Mormon 1:11	64	the	the	the	the	the	the	the	the
Words of Mormon 1:11	64.01	⌴	⌴	⌴	⌴	⌴	⌴	⌴	⌴
Words of Mormon 1:11	65	great	great	great	great	great	great	great	great
Words of Mormon 1:11	65.01	⌴	⌴	⌴	⌴	⌴	⌴	⌴	⌴
Words of Mormon 1:11	66	and	and	and	and	and	and	and	and
Words of Mormon 1:11	66.01	⌴	⌴	⌴	⌴	⌴	⌴	⌴	⌴
Words of Mormon 1:11	67	last	last	last	last	last	last	last	last
Words of Mormon 1:11	67.01	⌴	⌴	⌴	⌴	⌴	⌴	⌴	⌴
Words of Mormon 1:11	68	day	day	day	day	day	day	day	day
Words of Mormon 1:11	68.01	,	,	,	,	,	,	,	,
Words of Mormon 1:11	68.02	⌴	⌴	⌴	⌴	⌴	⌴	⌴	⌴
Words of Mormon 1:11	69	according	according	according	according	according	according	according	according
Words of Mormon 1:11	69.01	⌴	⌴	⌴	⌴	⌴	⌴	⌴	⌴
Words of Mormon 1:11	70	to	to	to	to	to	to	to	to
Words of Mormon 1:11	70.01	⌴	⌴	⌴	⌴	⌴	⌴	⌴	⌴
Words of Mormon 1:11	71	the	the	the	the	the	the	the	the
Words of Mormon 1:11	71.01	⌴	⌴	⌴	⌴	⌴	⌴	⌴	⌴
Words of Mormon 1:11	72	word	word	word	word	word	word	word	word
Words of Mormon 1:11	72.01	⌴	⌴	⌴	⌴	⌴	⌴	⌴	⌴
Words of Mormon 1:11	73	of	of	of	of	of	of	of	of
Words of Mormon 1:11	73.01	⌴	⌴	⌴	⌴	⌴	⌴	⌴	⌴
Words of Mormon 1:11	74	God	God	God	God	God	God	God	God
Words of Mormon 1:11	74.01	⌴	⌴	⌴	⌴	⌴	⌴	⌴	⌴
Words of Mormon 1:11	75	which	which	which	which	which	which	which	which
Words of Mormon 1:11	75.01	⌴	⌴	⌴	⌴	⌴	⌴	⌴	⌴
Words of Mormon 1:11	76	is	is	is	is	is	is	is	is
Words of Mormon 1:11	76.01	⌴	⌴	⌴	⌴	⌴	⌴	⌴	⌴
Words of Mormon 1:11	77	written	written	written	written	written	written	written	written
Words of Mormon 1:11	77.01	.	.	.	.	.	.	.	.
Words of Mormon 1:12	1	And	And	And	And	And	And	And	And
Words of Mormon 1:12	1.01	⌴	⌴	⌴	⌴	⌴	⌴	⌴	⌴
Words of Mormon 1:12	2	now	now	now	now	now	now	now	now
Words of Mormon 1:12	2.01	,	,	,	,	,	,	,	,
Words of Mormon 1:12	2.02	⌴	⌴	⌴	⌴	⌴	⌴	⌴	⌴
Words of Mormon 1:12	3	concerning	concerning	concerning	concerning	concerning	concerning	concerning	concerning
Words of Mormon 1:12	3.01	⌴	⌴	⌴	⌴	⌴	⌴	⌴	⌴
Words of Mormon 1:12	4	this	this	this	this	this	this	this	this
Words of Mormon 1:12	4.01	⌴	⌴	⌴	⌴	⌴	⌴	⌴	⌴
Words of Mormon 1:12	5	king	king	king	king	king	king	king	king
Words of Mormon 1:12	5.01	⌴	⌴	⌴	⌴	⌴	⌴	⌴	⌴
Words of Mormon 1:12	6	Benjamin	Benjamin	Benjamin	Benjamin	Benjamin	Benjamin	Benjamin	Benjamin
Words of Mormon 1:12	6.01	:	:	:	:	:	—	—	—
Words of Mormon 1:12	6.02	⌴	⌴	⌴	⌴	⌴	∅	∅	∅
Words of Mormon 1:12	7	He	He	He	He	He	he	he	he
Words of Mormon 1:12	7.01	⌴	⌴	⌴	⌴	⌴	⌴	⌴	⌴
Words of Mormon 1:12	8	had	had	had	had	had	had	had	had
Words of Mormon 1:12	8.01	⌴	⌴	⌴	⌴	⌴	⌴	⌴	⌴
Words of Mormon 1:12	9	somewhat	somewhat	somewhat	somewhat	somewhat	somewhat	somewhat	somewhat
Words of Mormon 1:12	9.01	⌴	⌴	⌴	⌴	⌴	⌴	⌴	⌴
Words of Mormon 1:12	9.02	∅	∅	∅	∅	∅	∅	of	of
Words of Mormon 1:12	9.03	∅	∅	∅	∅	∅	∅	⌴	⌴
Words of Mormon 1:12	10	contentions	contentions	contentions	contentions	contentions	contentions	contentions	contentions
Words of Mormon 1:12	10.01	⌴	⌴	⌴	⌴	⌴	⌴	⌴	⌴
Words of Mormon 1:12	11	among	among	among	among	among	among	among	among
Words of Mormon 1:12	11.01	⌴	⌴	⌴	⌴	⌴	⌴	⌴	⌴
Words of Mormon 1:12	12	his	his	his	his	his	his	his	his
Words of Mormon 1:12	12.01	⌴	⌴	⌴	⌴	⌴	⌴	⌴	⌴
Words of Mormon 1:12	13	own	own	own	own	own	own	own	own
Words of Mormon 1:12	13.01	⌴	⌴	⌴	⌴	⌴	⌴	⌴	⌴
Words of Mormon 1:12	14	people	people	people	people	people	people	people	people
Words of Mormon 1:12	14.01	.	.	.	.	.	.	.	.
Words of Mormon 1:13	1	And	And	And	And	And	And	And	And
Words of Mormon 1:13	1.01	⌴	⌴	⌴	⌴	⌴	⌴	⌴	⌴
Words of Mormon 1:13	2	it	it	it	it	it	it	it	it
Words of Mormon 1:13	2.01	⌴	⌴	⌴	⌴	⌴	⌴	⌴	⌴
Words of Mormon 1:13	3	came	came	came	came	came	came	came	came
Words of Mormon 1:13	3.01	⌴	⌴	⌴	⌴	⌴	⌴	⌴	⌴
Words of Mormon 1:13	4	to	to	to	to	to	to	to	to
Words of Mormon 1:13	4.01	⌴	⌴	⌴	⌴	⌴	⌴	⌴	⌴
Words of Mormon 1:13	5	pass	pass	pass	pass	pass	pass	pass	pass
Words of Mormon 1:13	5.01	⌴	⌴	⌴	⌴	⌴	⌴	⌴	⌴
Words of Mormon 1:13	6	also	also	also	also	also	also	also	also
Words of Mormon 1:13	6.01	,	,	,	,	,	∅	∅	∅
Words of Mormon 1:13	6.02	⌴	⌴	⌴	⌴	⌴	⌴	⌴	⌴
Words of Mormon 1:13	7	that	that	that	that	that	that	that	that
Words of Mormon 1:13	7.01	⌴	⌴	⌴	⌴	⌴	⌴	⌴	⌴
Words of Mormon 1:13	8	the	the	the	the	the	the	the	the
Words of Mormon 1:13	8.01	⌴	⌴	⌴	⌴	⌴	⌴	⌴	⌴
Words of Mormon 1:13	9	armies	armies	armies	armies	armies	armies	armies	armies
Words of Mormon 1:13	9.01	⌴	⌴	⌴	⌴	⌴	⌴	⌴	⌴
Words of Mormon 1:13	10	of	of	of	of	of	of	of	of
Words of Mormon 1:13	10.01	⌴	⌴	⌴	⌴	⌴	⌴	⌴	⌴
Words of Mormon 1:13	11	the	the	the	the	the	the	the	the
Words of Mormon 1:13	11.01	⌴	⌴	⌴	⌴	⌴	⌴	⌴	⌴
Words of Mormon 1:13	12	Lamanites	Lamanites	Lamanites	Lamanites	Lamanites	Lamanites	Lamanites	Lamanites
Words of Mormon 1:13	12.01	⌴	⌴	⌴	⌴	⌴	⌴	⌴	⌴
Words of Mormon 1:13	13	came	came	came	came	came	came	came	came
Words of Mormon 1:13	13.01	⌴	⌴	⌴	⌴	⌴	⌴	⌴	⌴
Words of Mormon 1:13	14	down	down	down	down	down	down	down	down
Words of Mormon 1:13	14.01	⌴	⌴	⌴	⌴	⌴	⌴	⌴	⌴
Words of Mormon 1:13	15	out	out	out	out	out	out	out	out
Words of Mormon 1:13	15.01	⌴	⌴	⌴	⌴	⌴	⌴	⌴	⌴
Words of Mormon 1:13	16	of	of	of	of	of	of	of	of
Words of Mormon 1:13	16.01	⌴	⌴	⌴	⌴	⌴	⌴	⌴	⌴
Words of Mormon 1:13	17	the	the	the	the	the	the	the	the
Words of Mormon 1:13	17.01	⌴	⌴	⌴	⌴	⌴	⌴	⌴	⌴
Words of Mormon 1:13	18	land	land	land	land	land	land	land	land
Words of Mormon 1:13	18.01	⌴	⌴	⌴	⌴	⌴	⌴	⌴	⌴
Words of Mormon 1:13	19	of	of	of	of	of	of	of	of
Words of Mormon 1:13	19.01	⌴	⌴	⌴	⌴	⌴	⌴	⌴	⌴
Words of Mormon 1:13	20	Nephi	Nephi	Nephi	Nephi	Nephi	Nephi	Nephi	Nephi
Words of Mormon 1:13	20.01	,	,	,	,	,	,	,	,
Words of Mormon 1:13	20.02	⌴	⌴	⌴	⌴	⌴	⌴	⌴	⌴
Words of Mormon 1:13	21	to	to	to	to	to	to	to	to
Words of Mormon 1:13	21.01	⌴	⌴	⌴	⌴	⌴	⌴	⌴	⌴
Words of Mormon 1:13	22	battle	battle	battle	battle	battle	battle	battle	battle
Words of Mormon 1:13	22.01	⌴	⌴	⌴	⌴	⌴	⌴	⌴	⌴
Words of Mormon 1:13	23	against	against	against	against	against	against	against	against
Words of Mormon 1:13	23.01	⌴	⌴	⌴	⌴	⌴	⌴	⌴	⌴
Words of Mormon 1:13	24	his	his	his	his	his	his	his	his
Words of Mormon 1:13	24.01	⌴	⌴	⌴	⌴	⌴	⌴	⌴	⌴
Words of Mormon 1:13	25	people	people	people	people	people	people	people	people
Words of Mormon 1:13	25.01	.	.	.	.	.	.	.	.
Words of Mormon 1:13	25.02	⌴	⌴	—	⌴	⌴	⌴	⌴	⌴
Words of Mormon 1:13	26	But	But	But	But	But	But	But	But
Words of Mormon 1:13	26.01	⌴	⌴	⌴	⌴	⌴	⌴	⌴	⌴
Words of Mormon 1:13	27	behold	behold	behold	behold	behold	behold	behold	behold
Words of Mormon 1:13	27.01	,	,	,	,	,	,	,	,
Words of Mormon 1:13	27.02	⌴	⌴	⌴	⌴	⌴	⌴	⌴	⌴
Words of Mormon 1:13	28	king	king	king	king	king	king	king	king
Words of Mormon 1:13	28.01	⌴	⌴	⌴	⌴	⌴	⌴	⌴	⌴
Words of Mormon 1:13	29	Benjamin	Benjamin	Benjamin	Benjamin	Benjamin	Benjamin	Benjamin	Benjamin
Words of Mormon 1:13	29.01	⌴	⌴	⌴	⌴	⌴	⌴	⌴	⌴
Words of Mormon 1:13	30	gathered	gathered	gathered	gathered	gathered	gathered	gathered	gathered
Words of Mormon 1:13	30.01	⌴	⌴	⌴	⌴	⌴	⌴	⌴	⌴
Words of Mormon 1:13	31	together	together	together	together	together	together	together	together
Words of Mormon 1:13	31.01	⌴	⌴	⌴	⌴	⌴	⌴	⌴	⌴
Words of Mormon 1:13	32	his	his	his	his	his	his	his	his
Words of Mormon 1:13	32.01	⌴	⌴	⌴	⌴	⌴	⌴	⌴	⌴
Words of Mormon 1:13	33	armies	armies	armies	armies	armies	armies	armies	armies
Words of Mormon 1:13	33.01	,	,	,	,	,	,	,	,
Words of Mormon 1:13	33.02	⌴	⌴	⌴	⌴	⌴	⌴	⌴	⌴
Words of Mormon 1:13	34	and	and	and	and	and	and	and	and
Words of Mormon 1:13	34.01	⌴	⌴	⌴	⌴	⌴	⌴	⌴	⌴
Words of Mormon 1:13	35	he	he	he	he	he	he	he	he
Words of Mormon 1:13	35.01	⌴	⌴	⌴	⌴	⌴	⌴	⌴	⌴
Words of Mormon 1:13	36	did	did	did	did	did	did	did	did
Words of Mormon 1:13	36.01	⌴	⌴	⌴	⌴	⌴	⌴	⌴	⌴
Words of Mormon 1:13	37	stand	stand	stand	stand	stand	stand	stand	stand
Words of Mormon 1:13	37.01	⌴	⌴	⌴	⌴	⌴	⌴	⌴	⌴
Words of Mormon 1:13	38	against	against	against	against	against	against	against	against
Words of Mormon 1:13	38.01	⌴	⌴	⌴	⌴	⌴	⌴	⌴	⌴
Words of Mormon 1:13	39	them	them	them	them	them	them	them	them
Words of Mormon 1:13	39.01	;	;	:	;	;	;	;	;
Words of Mormon 1:13	39.02	⌴	⌴	⌴	⌴	⌴	⌴	⌴	⌴
Words of Mormon 1:13	40	and	and	and	and	and	and	and	and
Words of Mormon 1:13	40.01	⌴	⌴	⌴	⌴	⌴	⌴	⌴	⌴
Words of Mormon 1:13	41	he	he	he	he	he	he	he	he
Words of Mormon 1:13	41.01	⌴	⌴	⌴	⌴	⌴	⌴	⌴	⌴
Words of Mormon 1:13	42	did	did	did	did	did	did	did	did
Words of Mormon 1:13	42.01	⌴	⌴	⌴	⌴	⌴	⌴	⌴	⌴
Words of Mormon 1:13	43	fight	fight	fight	fight	fight	fight	fight	fight
Words of Mormon 1:13	43.01	⌴	⌴	⌴	⌴	⌴	⌴	⌴	⌴
Words of Mormon 1:13	44	with	with	with	with	with	with	with	with
Words of Mormon 1:13	44.01	⌴	⌴	⌴	⌴	⌴	⌴	⌴	⌴
Words of Mormon 1:13	45	the	the	the	the	the	the	the	the
Words of Mormon 1:13	45.01	⌴	⌴	⌴	⌴	⌴	⌴	⌴	⌴
Words of Mormon 1:13	46	strength	strength	strength	strength	strength	strength	strength	strength
Words of Mormon 1:13	46.01	⌴	⌴	⌴	⌴	⌴	⌴	⌴	⌴
Words of Mormon 1:13	47	of	of	of	of	of	of	of	of
Words of Mormon 1:13	47.01	⌴	⌴	⌴	⌴	⌴	⌴	⌴	⌴
Words of Mormon 1:13	48	his	his	his	his	his	his	his	his
Words of Mormon 1:13	48.01	⌴	⌴	⌴	⌴	⌴	⌴	⌴	⌴
Words of Mormon 1:13	49	own	own	own	own	own	own	own	own
Words of Mormon 1:13	49.01	⌴	⌴	⌴	⌴	⌴	⌴	⌴	⌴
Words of Mormon 1:13	50	arm	arm	arm	arm	arm	arm	arm	arm
Words of Mormon 1:13	50.01	,	,	,	,	,	,	,	,
Words of Mormon 1:13	50.02	⌴	⌴	⌴	⌴	⌴	⌴	⌴	⌴
Words of Mormon 1:13	51	with	with	with	with	with	with	with	with
Words of Mormon 1:13	51.01	⌴	⌴	⌴	⌴	⌴	⌴	⌴	⌴
Words of Mormon 1:13	52	the	the	the	the	the	the	the	the
Words of Mormon 1:13	52.01	⌴	⌴	⌴	⌴	⌴	⌴	⌴	⌴
Words of Mormon 1:13	53	sword	sword	sword	sword	sword	sword	sword	sword
Words of Mormon 1:13	53.01	⌴	⌴	⌴	⌴	⌴	⌴	⌴	⌴
Words of Mormon 1:13	54	of	of	of	of	of	of	of	of
Words of Mormon 1:13	54.01	⌴	⌴	⌴	⌴	⌴	⌴	⌴	⌴
Words of Mormon 1:13	55	Laban	Laban	Laban	Laban	Laban	Laban	Laban	Laban
Words of Mormon 1:13	55.01	;	;	;	;	;	.	.	.
Words of Mormon 1:14	1	and	and	and	and	And	And	And	And
Words of Mormon 1:14	1.01	⌴	⌴	⌴	⌴	⌴	⌴	⌴	⌴
Words of Mormon 1:14	2	in	in	in	in	in	in	in	in
Words of Mormon 1:14	2.01	⌴	⌴	⌴	⌴	⌴	⌴	⌴	⌴
Words of Mormon 1:14	3	the	the	the	the	the	the	the	the
Words of Mormon 1:14	3.01	⌴	⌴	⌴	⌴	⌴	⌴	⌴	⌴
Words of Mormon 1:14	4	strength	strength	strength	strength	strength	strength	strength	strength
Words of Mormon 1:14	4.01	⌴	⌴	⌴	⌴	⌴	⌴	⌴	⌴
Words of Mormon 1:14	5	of	of	of	of	of	of	of	of
Words of Mormon 1:14	5.01	⌴	⌴	⌴	⌴	⌴	⌴	⌴	⌴
Words of Mormon 1:14	6	the	the	the	the	the	the	the	the
Words of Mormon 1:14	6.01	⌴	⌴	⌴	⌴	⌴	⌴	⌴	⌴
Words of Mormon 1:14	7	Lord	Lord	Lord	Lord	Lord	Lord	Lord	Lord
Words of Mormon 1:14	7.01	⌴	⌴	⌴	⌴	⌴	⌴	⌴	⌴
Words of Mormon 1:14	8	they	they	they	they	they	they	they	they
Words of Mormon 1:14	8.01	⌴	⌴	⌴	⌴	⌴	⌴	⌴	⌴
Words of Mormon 1:14	9	did	did	did	did	did	did	did	did
Words of Mormon 1:14	9.01	⌴	⌴	⌴	⌴	⌴	⌴	⌴	⌴
Words of Mormon 1:14	10	contend	contend	contend	contend	contend	contend	contend	contend
Words of Mormon 1:14	10.01	⌴	⌴	⌴	⌴	⌴	⌴	⌴	⌴
Words of Mormon 1:14	11	against	against	against	against	against	against	against	against
Words of Mormon 1:14	11.01	⌴	⌴	⌴	⌴	⌴	⌴	⌴	⌴
Words of Mormon 1:14	12	their	their	their	their	their	their	their	their
Words of Mormon 1:14	12.01	⌴	⌴	⌴	⌴	⌴	⌴	⌴	⌴
Words of Mormon 1:14	13	enemies	enemies	enemies	enemies	enemies	enemies	enemies	enemies
Words of Mormon 1:14	13.01	,	,	,	,	,	,	,	,
Words of Mormon 1:14	13.02	⌴	⌴	⌴	⌴	⌴	⌴	⌴	⌴
Words of Mormon 1:14	14	until	until	until	until	until	until	until	until
Words of Mormon 1:14	14.01	⌴	⌴	⌴	⌴	⌴	⌴	⌴	⌴
Words of Mormon 1:14	15	they	they	they	they	they	they	they	they
Words of Mormon 1:14	15.01	⌴	⌴	⌴	⌴	⌴	⌴	⌴	⌴
Words of Mormon 1:14	16	had	had	had	had	had	had	had	had
Words of Mormon 1:14	16.01	⌴	⌴	⌴	⌴	⌴	⌴	⌴	⌴
Words of Mormon 1:14	17	slain	slain	slain	slain	slain	slain	slain	slain
Words of Mormon 1:14	17.01	⌴	⌴	⌴	⌴	⌴	⌴	⌴	⌴
Words of Mormon 1:14	18	many	many	many	many	many	many	many	many
Words of Mormon 1:14	18.01	⌴	⌴	⌴	⌴	⌴	⌴	⌴	⌴
Words of Mormon 1:14	19	thousands	thousands	thousands	thousands	thousands	thousands	thousands	thousands
Words of Mormon 1:14	19.01	⌴	⌴	⌴	⌴	⌴	⌴	⌴	⌴
Words of Mormon 1:14	20	of	of	of	of	of	of	of	of
Words of Mormon 1:14	20.01	⌴	⌴	⌴	⌴	⌴	⌴	⌴	⌴
Words of Mormon 1:14	21	the	the	the	the	the	the	the	the
Words of Mormon 1:14	21.01	⌴	⌴	⌴	⌴	⌴	⌴	⌴	⌴
Words of Mormon 1:14	22	Lamanites	Lamanites	Lamanites	Lamanites	Lamanites	Lamanites	Lamanites	Lamanites
Words of Mormon 1:14	22.01	.	.	.	.	.	.	.	.
Words of Mormon 1:14	22.02	⌴	⌴	⌴	⌴	⌴	⌴	⌴	⌴
Words of Mormon 1:14	23	And	And	And	And	And	And	And	And
Words of Mormon 1:14	23.01	⌴	⌴	⌴	⌴	⌴	⌴	⌴	⌴
Words of Mormon 1:14	24	it	it	it	it	it	it	it	it
Words of Mormon 1:14	24.01	⌴	⌴	⌴	⌴	⌴	⌴	⌴	⌴
Words of Mormon 1:14	25	came	came	came	came	came	came	came	came
Words of Mormon 1:14	25.01	⌴	⌴	⌴	⌴	⌴	⌴	⌴	⌴
Words of Mormon 1:14	26	to	to	to	to	to	to	to	to
Words of Mormon 1:14	26.01	⌴	⌴	⌴	⌴	⌴	⌴	⌴	⌴
Words of Mormon 1:14	27	pass	pass	pass	pass	pass	pass	pass	pass
Words of Mormon 1:14	27.01	⌴	⌴	⌴	⌴	⌴	⌴	⌴	⌴
Words of Mormon 1:14	28	that	that	that	that	that	that	that	that
Words of Mormon 1:14	28.01	⌴	⌴	⌴	⌴	⌴	⌴	⌴	⌴
Words of Mormon 1:14	29	they	they	they	they	they	they	they	they
Words of Mormon 1:14	29.01	⌴	⌴	⌴	⌴	⌴	⌴	⌴	⌴
Words of Mormon 1:14	30	did	did	did	did	did	did	did	did
Words of Mormon 1:14	30.01	⌴	⌴	⌴	⌴	⌴	⌴	⌴	⌴
Words of Mormon 1:14	31	contend	contend	contend	contend	contend	contend	contend	contend
Words of Mormon 1:14	31.01	⌴	⌴	⌴	⌴	⌴	⌴	⌴	⌴
Words of Mormon 1:14	32	against	against	against	against	against	against	against	against
Words of Mormon 1:14	32.01	⌴	⌴	⌴	⌴	⌴	⌴	⌴	⌴
Words of Mormon 1:14	33	the	the	the	the	the	the	the	the
Words of Mormon 1:14	33.01	⌴	⌴	⌴	⌴	⌴	⌴	⌴	⌴
Words of Mormon 1:14	34	Lamanites	Lamanites	Lamanites	Lamanites	Lamanites	Lamanites	Lamanites	Lamanites
Words of Mormon 1:14	34.01	,	,	,	,	,	∅	∅	∅
Words of Mormon 1:14	34.02	⌴	⌴	⌴	⌴	⌴	⌴	⌴	⌴
Words of Mormon 1:14	35	until	until	until	until	until	until	until	until
Words of Mormon 1:14	35.01	⌴	⌴	⌴	⌴	⌴	⌴	⌴	⌴
Words of Mormon 1:14	36	they	they	they	they	they	they	they	they
Words of Mormon 1:14	36.01	⌴	⌴	⌴	⌴	⌴	⌴	⌴	⌴
Words of Mormon 1:14	37	had	had	had	had	had	had	had	had
Words of Mormon 1:14	37.01	⌴	⌴	⌴	⌴	⌴	⌴	⌴	⌴
Words of Mormon 1:14	38	driven	driven	driven	driven	driven	driven	driven	driven
Words of Mormon 1:14	38.01	⌴	⌴	⌴	⌴	⌴	⌴	⌴	⌴
Words of Mormon 1:14	39	them	them	them	them	them	them	them	them
Words of Mormon 1:14	39.01	⌴	⌴	⌴	⌴	⌴	⌴	⌴	⌴
Words of Mormon 1:14	40	out	out	out	out	out	out	out	out
Words of Mormon 1:14	40.01	⌴	⌴	⌴	⌴	⌴	⌴	⌴	⌴
Words of Mormon 1:14	41	of	of	of	of	of	of	of	of
Words of Mormon 1:14	41.01	⌴	⌴	⌴	⌴	⌴	⌴	⌴	⌴
Words of Mormon 1:14	42	all	all	all	all	all	all	all	all
Words of Mormon 1:14	42.01	⌴	⌴	⌴	⌴	⌴	⌴	⌴	⌴
Words of Mormon 1:14	43	the	the	the	the	the	the	the	the
Words of Mormon 1:14	43.01	⌴	⌴	⌴	⌴	⌴	⌴	⌴	⌴
Words of Mormon 1:14	44	lands	lands	lands	lands	lands	lands	lands	lands
Words of Mormon 1:14	44.01	⌴	⌴	⌴	⌴	⌴	⌴	⌴	⌴
Words of Mormon 1:14	45	of	of	of	of	of	of	of	of
Words of Mormon 1:14	45.01	⌴	⌴	⌴	⌴	⌴	⌴	⌴	⌴
Words of Mormon 1:14	46	their	their	their	their	their	their	their	their
Words of Mormon 1:14	46.01	⌴	⌴	⌴	⌴	⌴	⌴	⌴	⌴
Words of Mormon 1:14	47	inheritance	inheritance	inheritance	inheritance	inheritance	inheritance	inheritance	inheritance
Words of Mormon 1:14	47.01	.	.	.	.	.	.	.	.
Words of Mormon 1:15	1	And	And	And	And	And	And	And	And
Words of Mormon 1:15	1.01	⌴	⌴	⌴	⌴	⌴	⌴	⌴	⌴
Words of Mormon 1:15	2	it	it	it	it	it	it	it	it
Words of Mormon 1:15	2.01	⌴	⌴	⌴	⌴	⌴	⌴	⌴	⌴
Words of Mormon 1:15	3	came	came	came	came	came	came	came	came
Words of Mormon 1:15	3.01	⌴	⌴	⌴	⌴	⌴	⌴	⌴	⌴
Words of Mormon 1:15	4	to	to	to	to	to	to	to	to
Words of Mormon 1:15	4.01	⌴	⌴	⌴	⌴	⌴	⌴	⌴	⌴
Words of Mormon 1:15	5	pass	pass	pass	pass	pass	pass	pass	pass
Words of Mormon 1:15	5.01	⌴	⌴	⌴	⌴	⌴	⌴	⌴	⌴
Words of Mormon 1:15	6	that	that	that	that	that	that	that	that
Words of Mormon 1:15	6.01	⌴	⌴	⌴	⌴	⌴	⌴	⌴	⌴
Words of Mormon 1:15	7	after	after	after	after	after	after	after	after
Words of Mormon 1:15	7.01	⌴	⌴	⌴	⌴	⌴	⌴	⌴	⌴
Words of Mormon 1:15	8	there	there	there	there	there	there	there	there
Words of Mormon 1:15	8.01	⌴	⌴	⌴	⌴	⌴	⌴	⌴	⌴
Words of Mormon 1:15	9	had	had	had	had	had	had	had	had
Words of Mormon 1:15	9.01	⌴	⌴	⌴	⌴	⌴	⌴	⌴	⌴
Words of Mormon 1:15	10	been	been	been	heen	been	been	been	been
Words of Mormon 1:15	10.01	⌴	⌴	⌴	⌴	⌴	⌴	⌴	⌴
Words of Mormon 1:15	11	false	false	false	false	false	false	false	false
Words of Mormon 1:15	11.01	⌴	⌴	⌴	⌴	⌴	⌴	⌴	⌴
Words of Mormon 1:15	12	Christs	christs	christs	christs	Christs	Christs	Christs	Christs
Words of Mormon 1:15	12.01	,	,	,	,	,	,	,	,
Words of Mormon 1:15	12.02	⌴	⌴	⌴	⌴	⌴	⌴	⌴	⌴
Words of Mormon 1:15	13	and	and	and	and	and	and	and	and
Words of Mormon 1:15	13.01	⌴	⌴	⌴	⌴	⌴	⌴	⌴	⌴
Words of Mormon 1:15	14	their	their	their	their	their	their	their	their
Words of Mormon 1:15	14.01	⌴	⌴	⌴	⌴	⌴	⌴	⌴	⌴
Words of Mormon 1:15	15	mouths	mouths	mouths	mouths	mouths	mouths	mouths	mouths
Words of Mormon 1:15	15.01	⌴	⌴	⌴	⌴	⌴	⌴	⌴	⌴
Words of Mormon 1:15	16	had	had	had	had	had	had	had	had
Words of Mormon 1:15	16.01	⌴	⌴	⌴	⌴	⌴	⌴	⌴	⌴
Words of Mormon 1:15	17	been	been	been	been	been	been	been	been
Words of Mormon 1:15	17.01	⌴	⌴	⌴	⌴	⌴	⌴	⌴	⌴
Words of Mormon 1:15	18	shut	shut	shut	shut	shut	shut	shut	shut
Words of Mormon 1:15	18.01	,	,	,	,	,	,	,	,
Words of Mormon 1:15	18.02	⌴	⌴	⌴	⌴	⌴	⌴	⌴	⌴
Words of Mormon 1:15	19	and	and	and	and	and	and	and	and
Words of Mormon 1:15	19.01	⌴	⌴	⌴	⌴	⌴	⌴	⌴	⌴
Words of Mormon 1:15	20	they	they	they	they	they	they	they	they
Words of Mormon 1:15	20.01	⌴	⌴	⌴	⌴	⌴	⌴	⌴	⌴
Words of Mormon 1:15	21	punished	punished	punished	punished	punished	punished	punished	punished
Words of Mormon 1:15	21.01	⌴	⌴	⌴	⌴	⌴	⌴	⌴	⌴
Words of Mormon 1:15	22	according	according	according	according	according	according	according	according
Words of Mormon 1:15	22.01	⌴	⌴	⌴	⌴	⌴	⌴	⌴	⌴
Words of Mormon 1:15	23	to	to	to	to	to	to	to	to
Words of Mormon 1:15	23.01	⌴	⌴	⌴	⌴	⌴	⌴	⌴	⌴
Words of Mormon 1:15	24	their	their	their	their	their	their	their	their
Words of Mormon 1:15	24.01	⌴	⌴	⌴	⌴	⌴	⌴	⌴	⌴
Words of Mormon 1:15	25	crimes	crimes	crimes	crimes	crimes	crimes	crimes	crimes
Words of Mormon 1:15	25.01	;	;	;	;	;	;	;	;
Words of Mormon 1:16	1	and	and	and	and	And	And	And	And
Words of Mormon 1:16	1.01	⌴	⌴	⌴	⌴	⌴	⌴	⌴	⌴
Words of Mormon 1:16	2	after	after	after	after	after	after	after	after
Words of Mormon 1:16	2.01	⌴	⌴	⌴	⌴	⌴	⌴	⌴	⌴
Words of Mormon 1:16	3	there	there	there	there	there	there	there	there
Words of Mormon 1:16	3.01	⌴	⌴	⌴	⌴	⌴	⌴	⌴	⌴
Words of Mormon 1:16	4	had	had	had	had	had	had	had	had
Words of Mormon 1:16	4.01	⌴	⌴	⌴	⌴	⌴	⌴	⌴	⌴
Words of Mormon 1:16	5	been	been	been	been	been	been	been	been
Words of Mormon 1:16	5.01	⌴	⌴	⌴	⌴	⌴	⌴	⌴	⌴
Words of Mormon 1:16	6	false	false	false	false	false	false	false	false
Words of Mormon 1:16	6.01	⌴	⌴	⌴	⌴	⌴	⌴	⌴	⌴
Words of Mormon 1:16	7	prophets	prophets	prophets	prophets	prophets	prophets	prophets	prophets
Words of Mormon 1:16	7.01	,	,	,	,	,	,	,	,
Words of Mormon 1:16	7.02	⌴	⌴	⌴	⌴	⌴	⌴	⌴	⌴
Words of Mormon 1:16	8	and	and	and	and	and	and	and	and
Words of Mormon 1:16	8.01	⌴	⌴	⌴	⌴	⌴	⌴	⌴	⌴
Words of Mormon 1:16	9	false	false	false	false	false	false	false	false
Words of Mormon 1:16	9.01	⌴	⌴	⌴	⌴	⌴	⌴	⌴	⌴
Words of Mormon 1:16	10	preachers	preachers	preachers	preachers	teachers	preachers	preachers	preachers
Words of Mormon 1:16	10.01	⌴	⌴	⌴	⌴	⌴	⌴	⌴	⌴
Words of Mormon 1:16	11	and	and	and	and	and	and	and	and
Words of Mormon 1:16	11.01	⌴	⌴	⌴	⌴	⌴	⌴	⌴	⌴
Words of Mormon 1:16	12	teachers	teachers	teachers	teachers	preachers	teachers	teachers	teachers
Words of Mormon 1:16	12.01	⌴	⌴	⌴	⌴	⌴	⌴	⌴	⌴
Words of Mormon 1:16	13	among	among	among	among	among	among	among	among
Words of Mormon 1:16	13.01	⌴	⌴	⌴	⌴	⌴	⌴	⌴	⌴
Words of Mormon 1:16	14	the	the	the	the	the	the	the	the
Words of Mormon 1:16	14.01	⌴	⌴	⌴	⌴	⌴	⌴	⌴	⌴
Words of Mormon 1:16	15	people	people	people	people	people	people	people	people
Words of Mormon 1:16	15.01	,	,	,	,	,	,	,	,
Words of Mormon 1:16	15.02	⌴	⌴	⌴	⌴	⌴	⌴	⌴	⌴
Words of Mormon 1:16	16	and	and	and	and	and	and	and	and
Words of Mormon 1:16	16.01	⌴	⌴	⌴	⌴	⌴	⌴	⌴	⌴
Words of Mormon 1:16	17	all	all	all	all	all	all	all	all
Words of Mormon 1:16	17.01	⌴	⌴	⌴	⌴	⌴	⌴	⌴	⌴
Words of Mormon 1:16	18	these	these	these	these	these	these	these	these
Words of Mormon 1:16	18.01	⌴	⌴	⌴	⌴	⌴	⌴	⌴	⌴
Words of Mormon 1:16	19	having	having	having	having	having	having	having	having
Words of Mormon 1:16	19.01	⌴	⌴	⌴	⌴	⌴	⌴	⌴	⌴
Words of Mormon 1:16	20	been	been	been	been	been	been	been	been
Words of Mormon 1:16	20.01	⌴	⌴	⌴	⌴	⌴	⌴	⌴	⌴
Words of Mormon 1:16	21	punished	punished	punished	punished	punished	punished	punished	punished
Words of Mormon 1:16	21.01	⌴	⌴	⌴	⌴	⌴	⌴	⌴	⌴
Words of Mormon 1:16	22	according	according	according	according	according	according	according	according
Words of Mormon 1:16	22.01	⌴	⌴	⌴	⌴	⌴	⌴	⌴	⌴
Words of Mormon 1:16	23	to	to	to	to	to	to	to	to
Words of Mormon 1:16	23.01	⌴	⌴	⌴	⌴	⌴	⌴	⌴	⌴
Words of Mormon 1:16	24	their	their	their	their	their	their	their	their
Words of Mormon 1:16	24.01	⌴	⌴	⌴	⌴	⌴	⌴	⌴	⌴
Words of Mormon 1:16	25	crimes	crimes	crimes	crimes	crimes	crimes	crimes	crimes
Words of Mormon 1:16	25.01	;	;	;	;	;	;	;	;
Words of Mormon 1:16	25.02	⌴	⌴	⌴	⌴	⌴	⌴	⌴	⌴
Words of Mormon 1:16	26	and	and	and	and	and	and	and	and
Words of Mormon 1:16	26.01	⌴	⌴	⌴	⌴	⌴	⌴	⌴	⌴
Words of Mormon 1:16	27	after	after	after	after	after	after	after	after
Words of Mormon 1:16	27.01	⌴	⌴	⌴	⌴	⌴	⌴	⌴	⌴
Words of Mormon 1:16	28	there	there	there	there	there	there	there	there
Words of Mormon 1:16	28.01	⌴	⌴	⌴	⌴	⌴	⌴	⌴	⌴
Words of Mormon 1:16	29	having	having	having	having	having	having	having	having
Words of Mormon 1:16	29.01	⌴	⌴	⌴	⌴	⌴	⌴	⌴	⌴
Words of Mormon 1:16	30	been	been	been	been	been	been	been	been
Words of Mormon 1:16	30.01	⌴	⌴	⌴	⌴	⌴	⌴	⌴	⌴
Words of Mormon 1:16	31	much	much	much	much	much	much	much	much
Words of Mormon 1:16	31.01	⌴	⌴	⌴	⌴	⌴	⌴	⌴	⌴
Words of Mormon 1:16	32	contentions	contentions	contentions	contentions	contentions	contention	contention	contention
Words of Mormon 1:16	32.01	⌴	⌴	⌴	⌴	⌴	⌴	⌴	⌴
Words of Mormon 1:16	33	and	and	and	and	and	and	and	and
Words of Mormon 1:16	33.01	⌴	⌴	⌴	⌴	⌴	⌴	⌴	⌴
Words of Mormon 1:16	34	many	many	many	many	many	many	many	many
Words of Mormon 1:16	34.01	⌴	⌴	⌴	⌴	⌴	⌴	⌴	⌴
Words of Mormon 1:16	35	dissentions	dissentions	dissentions	dissentions	dissensions	dissensions	dissensions	dissensions
Words of Mormon 1:16	35.01	,	,	,	,	,	∅	∅	∅
Words of Mormon 1:16	35.02	⌴	⌴	⌴	⌴	⌴	⌴	⌴	⌴
Words of Mormon 1:16	36	away	away	away	away	away	away	away	away
Words of Mormon 1:16	36.01	⌴	⌴	⌴	⌴	⌴	⌴	⌴	⌴
Words of Mormon 1:16	37	unto	unto	unto	unto	unto	unto	unto	unto
Words of Mormon 1:16	37.01	⌴	⌴	⌴	⌴	⌴	⌴	⌴	⌴
Words of Mormon 1:16	38	the	the	the	the	the	the	the	the
Words of Mormon 1:16	38.01	⌴	⌴	⌴	⌴	⌴	⌴	⌴	⌴
Words of Mormon 1:16	39	Lamanites	Lamanites	Lamanites	Lamanites	Lamanites	Lamanites	Lamanites	Lamanites
Words of Mormon 1:16	39.01	,	,	,	,	,	,	,	,
Words of Mormon 1:16	39.02	⌴	⌴	⌴	⌴	⌴	⌴	⌴	⌴
Words of Mormon 1:16	40	behold	behold	behold	behold	behold	behold	behold	behold
Words of Mormon 1:16	40.01	,	,	,	,	,	,	,	,
Words of Mormon 1:16	40.02	⌴	⌴	⌴	⌴	⌴	⌴	⌴	⌴
Words of Mormon 1:16	41	it	it	it	it	it	it	it	it
Words of Mormon 1:16	41.01	⌴	⌴	⌴	⌴	⌴	⌴	⌴	⌴
Words of Mormon 1:16	42	came	came	came	came	came	came	came	came
Words of Mormon 1:16	42.01	⌴	⌴	⌴	⌴	⌴	⌴	⌴	⌴
Words of Mormon 1:16	43	to	to	to	to	to	to	to	to
Words of Mormon 1:16	43.01	⌴	⌴	⌴	⌴	⌴	⌴	⌴	⌴
Words of Mormon 1:16	44	pass	pass	pass	pass	pass	pass	pass	pass
Words of Mormon 1:16	44.01	⌴	⌴	⌴	⌴	⌴	⌴	⌴	⌴
Words of Mormon 1:16	45	that	that	that	that	that	that	that	that
Words of Mormon 1:16	45.01	⌴	⌴	⌴	⌴	⌴	⌴	⌴	⌴
Words of Mormon 1:16	46	king	king	king	king	king	king	king	king
Words of Mormon 1:16	46.01	⌴	⌴	⌴	⌴	⌴	⌴	⌴	⌴
Words of Mormon 1:16	47	Benjamin	Benjamin	Benjamin	Benjamin	Benjamin	Benjamin	Benjamin	Benjamin
Words of Mormon 1:16	47.01	,	,	,	,	,	,	,	,
Words of Mormon 1:16	47.02	⌴	⌴	⌴	⌴	⌴	⌴	⌴	⌴
Words of Mormon 1:16	48	with	with	with	with	with	with	with	with
Words of Mormon 1:16	48.01	⌴	⌴	⌴	⌴	⌴	⌴	⌴	⌴
Words of Mormon 1:16	49	the	the	the	the	the	the	the	the
Words of Mormon 1:16	49.01	⌴	⌴	⌴	⌴	⌴	⌴	⌴	⌴
Words of Mormon 1:16	50	assistance	assistance	assistance	assistance	assistance	assistance	assistance	assistance
Words of Mormon 1:16	50.01	⌴	⌴	⌴	⌴	⌴	⌴	⌴	⌴
Words of Mormon 1:16	51	of	of	of	of	of	of	of	of
Words of Mormon 1:16	51.01	⌴	⌴	⌴	⌴	⌴	⌴	⌴	⌴
Words of Mormon 1:16	52	the	the	the	the	the	the	the	the
Words of Mormon 1:16	52.01	⌴	⌴	⌴	⌴	⌴	⌴	⌴	⌴
Words of Mormon 1:16	53	Holy	holy	holy	holy	holy	holy	holy	holy
Words of Mormon 1:16	53.01	⌴	⌴	⌴	⌴	⌴	⌴	⌴	⌴
Words of Mormon 1:16	54	Prophets	prophets	prophets	prophets	prophets	prophets	prophets	prophets
Words of Mormon 1:16	54.01	⌴	⌴	⌴	⌴	⌴	⌴	⌴	⌴
Words of Mormon 1:16	55	which	who	who	who	who	who	who	who
Words of Mormon 1:16	55.01	⌴	⌴	⌴	⌴	⌴	⌴	⌴	⌴
Words of Mormon 1:16	56	were	were	were	were	were	were	were	were
Words of Mormon 1:16	56.01	⌴	⌴	⌴	⌴	⌴	⌴	⌴	⌴
Words of Mormon 1:16	57	among	among	among	among	among	among	among	among
Words of Mormon 1:16	57.01	⌴	⌴	⌴	⌴	⌴	⌴	⌴	⌴
Words of Mormon 1:16	58	his	his	his	his	his	his	his	his
Words of Mormon 1:16	58.01	⌴	⌴	⌴	⌴	⌴	⌴	⌴	⌴
Words of Mormon 1:16	59	people	people	people	people	people	people	people	people
Words of Mormon 1:16	59.01	:	:	:	:	;	—	—	—
Words of Mormon 1:17	1	for	for	for	for	For	For	For	For
Words of Mormon 1:17	1.01	⌴	⌴	⌴	⌴	⌴	⌴	⌴	⌴
Words of Mormon 1:17	2	behold	behold	behold	behold	behold	behold	behold	behold
Words of Mormon 1:17	2.01	,	,	,	,	,	,	,	,
Words of Mormon 1:17	2.02	⌴	⌴	⌴	⌴	⌴	⌴	⌴	⌴
Words of Mormon 1:17	3	king	king	king	king	king	king	king	king
Words of Mormon 1:17	3.01	⌴	⌴	⌴	⌴	⌴	⌴	⌴	⌴
Words of Mormon 1:17	4	Benjamin	Benjamin	Benjamin	Benjamin	Benjamin	Benjamin	Benjamin	Benjamin
Words of Mormon 1:17	4.01	⌴	⌴	⌴	⌴	⌴	⌴	⌴	⌴
Words of Mormon 1:17	5	was	was	was	was	was	was	was	was
Words of Mormon 1:17	5.01	⌴	⌴	⌴	⌴	⌴	⌴	⌴	⌴
Words of Mormon 1:17	6	a	a	a	a	a	a	a	a
Words of Mormon 1:17	6.01	⌴	⌴	⌴	⌴	⌴	⌴	⌴	⌴
Words of Mormon 1:17	7	holy	holy	holy	holy	holy	holy	holy	holy
Words of Mormon 1:17	7.01	⌴	⌴	⌴	⌴	⌴	⌴	⌴	⌴
Words of Mormon 1:17	8	man	man	man	man	man	man	man	man
Words of Mormon 1:17	8.01	,	,	,	,	,	,	,	,
Words of Mormon 1:17	8.02	⌴	⌴	⌴	⌴	⌴	⌴	⌴	⌴
Words of Mormon 1:17	9	and	and	and	and	and	and	and	and
Words of Mormon 1:17	9.01	⌴	⌴	⌴	⌴	⌴	⌴	⌴	⌴
Words of Mormon 1:17	10	he	he	he	he	he	he	he	he
Words of Mormon 1:17	10.01	⌴	⌴	⌴	⌴	⌴	⌴	⌴	⌴
Words of Mormon 1:17	11	did	did	did	did	did	did	did	did
Words of Mormon 1:17	11.01	⌴	⌴	⌴	⌴	⌴	⌴	⌴	⌴
Words of Mormon 1:17	12	reign	reign	reign	reign	reign	reign	reign	reign
Words of Mormon 1:17	12.01	⌴	⌴	⌴	⌴	⌴	⌴	⌴	⌴
Words of Mormon 1:17	13	over	over	over	over	over	over	over	over
Words of Mormon 1:17	13.01	⌴	⌴	⌴	⌴	⌴	⌴	⌴	⌴
Words of Mormon 1:17	14	his	his	his	his	his	his	his	his
Words of Mormon 1:17	14.01	⌴	⌴	⌴	⌴	⌴	⌴	⌴	⌴
Words of Mormon 1:17	15	people	people	people	people	people	people	people	people
Words of Mormon 1:17	15.01	⌴	⌴	⌴	⌴	⌴	⌴	⌴	⌴
Words of Mormon 1:17	16	in	in	in	in	in	in	in	in
Words of Mormon 1:17	16.01	⌴	⌴	⌴	⌴	⌴	⌴	⌴	⌴
Words of Mormon 1:17	17	righteousness	righteousness	righteousness	righteousness	righteousness	righteousness	righteousness	righteousness
Words of Mormon 1:17	17.01	.	.	.	.	.	;	;	;
Words of Mormon 1:17	17.02	⌴	⌴	⌴	⌴	⌴	⌴	⌴	⌴
Words of Mormon 1:17	18	And	And	And	And	And	and	and	and
Words of Mormon 1:17	18.01	⌴	⌴	⌴	⌴	⌴	⌴	⌴	⌴
Words of Mormon 1:17	19	there	there	there	there	there	there	there	there
Words of Mormon 1:17	19.01	⌴	⌴	⌴	⌴	⌴	⌴	⌴	⌴
Words of Mormon 1:17	20	were	were	were	were	were	were	were	were
Words of Mormon 1:17	20.01	⌴	⌴	⌴	⌴	⌴	⌴	⌴	⌴
Words of Mormon 1:17	21	many	many	many	many	many	many	many	many
Words of Mormon 1:17	21.01	⌴	⌴	⌴	⌴	⌴	⌴	⌴	⌴
Words of Mormon 1:17	22	holy	holy	holy	holy	holy	holy	holy	holy
Words of Mormon 1:17	22.01	⌴	⌴	⌴	⌴	⌴	⌴	⌴	⌴
Words of Mormon 1:17	23	men	men	men	men	men	men	men	men
Words of Mormon 1:17	23.01	⌴	⌴	⌴	⌴	⌴	⌴	⌴	⌴
Words of Mormon 1:17	24	in	in	in	in	in	in	in	in
Words of Mormon 1:17	24.01	⌴	⌴	⌴	⌴	⌴	⌴	⌴	⌴
Words of Mormon 1:17	25	the	the	the	the	the	the	the	the
Words of Mormon 1:17	25.01	⌴	⌴	⌴	⌴	⌴	⌴	⌴	⌴
Words of Mormon 1:17	26	land	land	land	land	land	land	land	land
Words of Mormon 1:17	26.01	;	;	;	;	;	,	,	,
Words of Mormon 1:17	26.02	⌴	⌴	⌴	⌴	⌴	⌴	⌴	⌴
Words of Mormon 1:17	27	and	and	and	and	and	and	and	and
Words of Mormon 1:17	27.01	⌴	⌴	⌴	⌴	⌴	⌴	⌴	⌴
Words of Mormon 1:17	28	they	they	they	they	they	they	they	they
Words of Mormon 1:17	28.01	⌴	⌴	⌴	⌴	⌴	⌴	⌴	⌴
Words of Mormon 1:17	29	did	did	did	did	did	did	did	did
Words of Mormon 1:17	29.01	⌴	⌴	⌴	⌴	⌴	⌴	⌴	⌴
Words of Mormon 1:17	30	speak	speak	speak	speak	speak	speak	speak	speak
Words of Mormon 1:17	30.01	⌴	⌴	⌴	⌴	⌴	⌴	⌴	⌴
Words of Mormon 1:17	31	the	the	the	the	the	the	the	the
Words of Mormon 1:17	31.01	⌴	⌴	⌴	⌴	⌴	⌴	⌴	⌴
Words of Mormon 1:17	32	word	word	word	word	word	word	word	word
Words of Mormon 1:17	32.01	⌴	⌴	⌴	⌴	⌴	⌴	⌴	⌴
Words of Mormon 1:17	33	of	of	of	of	of	of	of	of
Words of Mormon 1:17	33.01	⌴	⌴	⌴	⌴	⌴	⌴	⌴	⌴
Words of Mormon 1:17	34	God	God	God	God	God	God	God	God
Words of Mormon 1:17	34.01	,	,	,	,	,	∅	∅	∅
Words of Mormon 1:17	34.02	⌴	⌴	⌴	⌴	⌴	⌴	⌴	⌴
Words of Mormon 1:17	35	with	with	with	with	with	with	with	with
Words of Mormon 1:17	35.01	⌴	⌴	⌴	⌴	⌴	⌴	⌴	⌴
Words of Mormon 1:17	36	power	power	power	power	power	power	power	power
Words of Mormon 1:17	36.01	⌴	⌴	⌴	⌴	⌴	⌴	⌴	⌴
Words of Mormon 1:17	37	and	and	and	and	and	and	and	and
Words of Mormon 1:17	37.01	⌴	⌴	⌴	⌴	⌴	⌴	⌴	⌴
Words of Mormon 1:17	38	with	with	with	with	with	with	with	with
Words of Mormon 1:17	38.01	⌴	⌴	⌴	⌴	⌴	⌴	⌴	⌴
Words of Mormon 1:17	39	authority	authority	authority	authority	authority	authority	authority	authority
Words of Mormon 1:17	39.01	;	;	;	;	;	;	;	;
Words of Mormon 1:17	39.02	⌴	⌴	⌴	⌴	⌴	⌴	⌴	⌴
Words of Mormon 1:17	40	and	and	and	and	and	and	and	and
Words of Mormon 1:17	40.01	⌴	⌴	⌴	⌴	⌴	⌴	⌴	⌴
Words of Mormon 1:17	41	they	they	they	they	they	they	they	they
Words of Mormon 1:17	41.01	⌴	⌴	⌴	⌴	⌴	⌴	⌴	⌴
Words of Mormon 1:17	42	did	did	did	did	did	did	did	did
Words of Mormon 1:17	42.01	⌴	⌴	⌴	⌴	⌴	⌴	⌴	⌴
Words of Mormon 1:17	43	use	use	use	use	use	use	use	use
Words of Mormon 1:17	43.01	⌴	⌴	⌴	⌴	⌴	⌴	⌴	⌴
Words of Mormon 1:17	44	much	much	much	much	much	much	much	much
Words of Mormon 1:17	44.01	⌴	⌴	⌴	⌴	⌴	⌴	⌴	⌴
Words of Mormon 1:17	45	sharpness	sharpness	sharpness	sharpness	sharpness	sharpness	sharpness	sharpness
Words of Mormon 1:17	45.01	,	∅	∅	∅	∅	∅	∅	∅
Words of Mormon 1:17	45.02	⌴	⌴	⌴	⌴	⌴	⌴	⌴	⌴
Words of Mormon 1:17	46	because	because	because	because	because	because	because	because
Words of Mormon 1:17	46.01	⌴	⌴	⌴	⌴	⌴	⌴	⌴	⌴
Words of Mormon 1:17	47	of	of	of	of	of	of	of	of
Words of Mormon 1:17	47.01	⌴	⌴	⌴	⌴	⌴	⌴	⌴	⌴
Words of Mormon 1:17	48	the	the	the	the	the	the	the	the
Words of Mormon 1:17	48.01	⌴	⌴	⌴	⌴	⌴	⌴	⌴	⌴
Words of Mormon 1:17	49	stiffneckedness	stiffneckedness	stiffneckedness	stiffneckedness	stiffneckedness	stiffneckedness	stiffneckedness	stiffneckedness
Words of Mormon 1:17	49.01	⌴	⌴	⌴	⌴	⌴	⌴	⌴	⌴
Words of Mormon 1:17	50	of	of	of	of	of	of	of	of
Words of Mormon 1:17	50.01	⌴	⌴	⌴	⌴	⌴	⌴	⌴	⌴
Words of Mormon 1:17	51	the	the	the	the	the	the	the	the
Words of Mormon 1:17	51.01	⌴	⌴	⌴	⌴	⌴	⌴	⌴	⌴
Words of Mormon 1:17	52	people	people	people	people	people	people	people	people
Words of Mormon 1:17	52.01	;	;	;	;	;	—	—	—
Words of Mormon 1:18	1	wherefore	wherefore	wherefore	wherefore	Wherefore	Wherefore	Wherefore	Wherefore
Words of Mormon 1:18	1.01	,	,	,	,	,	,	,	,
Words of Mormon 1:18	1.02	⌴	⌴	⌴	⌴	⌴	⌴	⌴	⌴
Words of Mormon 1:18	2	with	with	with	with	with	with	with	with
Words of Mormon 1:18	2.01	⌴	⌴	⌴	⌴	⌴	⌴	⌴	⌴
Words of Mormon 1:18	3	the	the	the	the	the	the	the	the
Words of Mormon 1:18	3.01	⌴	⌴	⌴	⌴	⌴	⌴	⌴	⌴
Words of Mormon 1:18	4	help	help	help	help	help	help	help	help
Words of Mormon 1:18	4.01	⌴	⌴	⌴	⌴	⌴	⌴	⌴	⌴
Words of Mormon 1:18	5	of	of	of	of	of	of	of	of
Words of Mormon 1:18	5.01	⌴	⌴	⌴	⌴	⌴	⌴	⌴	⌴
Words of Mormon 1:18	6	these	these	these	these	these	these	these	these
Words of Mormon 1:18	6.01	,	,	,	,	,	,	,	,
Words of Mormon 1:18	6.02	⌴	⌴	⌴	⌴	⌴	⌴	⌴	⌴
Words of Mormon 1:18	7	king	king	king	king	king	king	king	king
Words of Mormon 1:18	7.01	⌴	⌴	⌴	⌴	⌴	⌴	⌴	⌴
Words of Mormon 1:18	8	Benjamin	Benjamin	Benjamin	Benjamin	Benjamin	Benjamin	Benjamin	Benjamin
Words of Mormon 1:18	8.01	,	,	,	,	,	,	,	,
Words of Mormon 1:18	8.02	⌴	⌴	⌴	⌴	⌴	⌴	⌴	⌴
Words of Mormon 1:18	9	by	by	by	by	by	by	by	by
Words of Mormon 1:18	9.01	⌴	⌴	⌴	⌴	⌴	⌴	⌴	⌴
Words of Mormon 1:18	10	laboring	laboring	laboring	laboring	laboring	laboring	laboring	laboring
Words of Mormon 1:18	10.01	⌴	⌴	⌴	⌴	⌴	⌴	⌴	⌴
Words of Mormon 1:18	11	with	with	with	with	with	with	with	with
Words of Mormon 1:18	11.01	⌴	⌴	⌴	⌴	⌴	⌴	⌴	⌴
Words of Mormon 1:18	12	all	all	all	all	all	all	all	all
Words of Mormon 1:18	12.01	⌴	⌴	⌴	⌴	⌴	⌴	⌴	⌴
Words of Mormon 1:18	13	the	the	the	the	the	the	the	the
Words of Mormon 1:18	13.01	⌴	⌴	⌴	⌴	⌴	⌴	⌴	⌴
Words of Mormon 1:18	14	might	might	might	might	might	might	might	might
Words of Mormon 1:18	14.01	⌴	⌴	⌴	⌴	⌴	⌴	⌴	⌴
Words of Mormon 1:18	15	of	of	of	of	of	of	of	of
Words of Mormon 1:18	15.01	⌴	⌴	⌴	⌴	⌴	⌴	⌴	⌴
Words of Mormon 1:18	16	his	his	his	his	his	his	his	his
Words of Mormon 1:18	16.01	⌴	⌴	⌴	⌴	⌴	⌴	⌴	⌴
Words of Mormon 1:18	17	body	body	body	body	body	body	body	body
Words of Mormon 1:18	17.01	⌴	⌴	⌴	⌴	⌴	⌴	⌴	⌴
Words of Mormon 1:18	18	and	and	and	and	and	and	and	and
Words of Mormon 1:18	18.01	⌴	⌴	⌴	⌴	⌴	⌴	⌴	⌴
Words of Mormon 1:18	19	the	the	the	the	the	the	the	the
Words of Mormon 1:18	19.01	⌴	⌴	⌴	⌴	⌴	⌴	⌴	⌴
Words of Mormon 1:18	20	faculty	faculty	faculty	faculty	faculty	faculty	faculty	faculty
Words of Mormon 1:18	20.01	⌴	⌴	⌴	⌴	⌴	⌴	⌴	⌴
Words of Mormon 1:18	21	of	of	of	of	of	of	of	of
Words of Mormon 1:18	21.01	⌴	⌴	⌴	⌴	⌴	⌴	⌴	⌴
Words of Mormon 1:18	22	his	his	his	his	his	his	his	his
Words of Mormon 1:18	22.01	⌴	⌴	⌴	⌴	⌴	⌴	⌴	⌴
Words of Mormon 1:18	23	whole	whole	whole	whole	whole	whole	whole	whole
Words of Mormon 1:18	23.01	⌴	⌴	⌴	⌴	⌴	⌴	⌴	⌴
Words of Mormon 1:18	24	soul	soul	soul	soul	soul	soul	soul	soul
Words of Mormon 1:18	24.01	,	,	,	,	,	,	,	,
Words of Mormon 1:18	24.02	⌴	⌴	⌴	⌴	⌴	⌴	⌴	⌴
Words of Mormon 1:18	25	and	and	and	and	and	and	and	and
Words of Mormon 1:18	25.01	⌴	⌴	⌴	⌴	⌴	⌴	⌴	⌴
Words of Mormon 1:18	26	also	also	also	also	also	also	also	also
Words of Mormon 1:18	26.01	⌴	⌴	⌴	⌴	⌴	⌴	⌴	⌴
Words of Mormon 1:18	27	the	the	the	the	the	the	the	the
Words of Mormon 1:18	27.01	⌴	⌴	⌴	⌴	⌴	⌴	⌴	⌴
Words of Mormon 1:18	28	prophets	prophets	prophets	prophets	prophets	prophets	prophets	prophets
Words of Mormon 1:18	28.01	,	,	,	,	,	,	,	,
Words of Mormon 1:18	28.02	⌴	⌴	⌴	⌴	⌴	⌴	⌴	⌴
Words of Mormon 1:18	29	wherefore	∅	∅	∅	∅	∅	∅	∅
Words of Mormon 1:18	29.01	,	∅	∅	∅	∅	∅	∅	∅
Words of Mormon 1:18	29.02	⌴	∅	∅	∅	∅	∅	∅	∅
Words of Mormon 1:18	30	they	∅	∅	∅	∅	∅	∅	∅
Words of Mormon 1:18	30.01	⌴	∅	∅	∅	∅	∅	∅	∅
Words of Mormon 1:18	31	did	did	did	did	did	did	did	did
Words of Mormon 1:18	31.01	⌴	⌴	⌴	⌴	⌴	⌴	⌴	⌴
Words of Mormon 1:18	32	once	once	once	once	once	once	once	once
Words of Mormon 1:18	32.01	⌴	⌴	⌴	⌴	⌴	⌴	⌴	⌴
Words of Mormon 1:18	33	more	more	more	more	more	more	more	more
Words of Mormon 1:18	33.01	⌴	⌴	⌴	⌴	⌴	⌴	⌴	⌴
Words of Mormon 1:18	34	establish	establish	establish	establish	establish	establish	establish	establish
Words of Mormon 1:18	34.01	⌴	⌴	⌴	⌴	⌴	⌴	⌴	⌴
Words of Mormon 1:18	35	peace	peace	peace	peace	peace	peace	peace	peace
Words of Mormon 1:18	35.01	⌴	⌴	⌴	⌴	⌴	⌴	⌴	⌴
Words of Mormon 1:18	36	in	in	in	in	in	in	in	in
Words of Mormon 1:18	36.01	⌴	⌴	⌴	⌴	⌴	⌴	⌴	⌴
Words of Mormon 1:18	37	the	the	the	the	the	the	the	the
Words of Mormon 1:18	37.01	⌴	⌴	⌴	⌴	⌴	⌴	⌴	⌴
Words of Mormon 1:18	38	land	land	land	land	land	land	land	land
Words of Mormon 1:18	38.01	.	.	.	.	.	.	.	.
